dataset_id,dataset_name,platform,modality,species,tissue,disease,n_samples,data_access_link,data_downloadable,original_publication,original_publication_link,original_publication_year,first_published_by_model_paper,notes
maynard2021_dlpfc_visium,Human dorsolateral prefrontal cortex (spatialLIBD),10x Visium,spatial transcriptomics,human,prefrontal cortex,healthy,12,http://research.libd.org/spatialLIBD/,yes (http 200),"Maynard et al., Nature Neuroscience 24, 425-436 (2021)",https://doi.org/10.1038/s41593-021-00817-5,2021,no,
villacampa2021_ovarian_visium,Human ovarian cancer FFPE Visium,10x Visium,spatial transcriptomics,human,ovary,ovarian cancer,2,,,"Villacampa et al., Cell Genomics 1 (2021)",https://doi.org/10.1016/j.xgen.2021.100065,2021,no,
mirzazadeh2023_smallintestine_visium,Human small intestine Visium (degraded/challenging FF samples),10x Visium,spatial transcriptomics,human,small intestine,healthy,12,,,"Mirzazadeh et al., Nature Communications 14, 509 (2023)",https://doi.org/10.1038/s41467-023-36071-5,2023,no,
farah2024_developing_heart_merfish,Developing human heart MERFISH,MERFISH,spatial transcriptomics,human,heart (developing),healthy,3,https://doi.org/10.5061/dryad.w0vt4b8vp,,"Farah et al., Nature 627, 854-864 (2024)",https://doi.org/10.1038/s41586-024-07171-z,2024,no,data deposit on Dryad
moffitt2018_preoptic_merfish,Mouse hypothalamic preoptic region MERFISH,MERFISH,spatial transcriptomics,mouse,preoptic hypothalamus,healthy,5,,,"Moffitt et al., Science 362, eaau5324 (2018)",https://doi.org/10.1126/science.aau5324,2018,no,"DRIFT also cites Li & Zhou (BASS), Genome Biology 23, 168 (2022) for the processed version"
zhang2023_whole_mouse_brain_merfish,Whole mouse brain MERFISH cell atlas,MERFISH,spatial transcriptomics,mouse,brain,healthy,15,,,"Zhang et al., Nature 624, 343-354 (2023)",https://doi.org/10.1038/s41586-023-06808-9,2023,no,
allen2023_aging_brain_merfish,Mouse aging brain MERFISH,MERFISH,spatial transcriptomics,mouse,brain (aging),healthy/aging,12,,,"Allen et al., Cell 186, 194-208 (2023)",https://doi.org/10.1016/j.cell.2022.12.010,2023,no,
chen2022_mosta_stereoseq,Mouse organogenesis spatiotemporal atlas (MOSTA),Stereo-seq,spatial transcriptomics,mouse,embryo,healthy,4,https://db.cngb.org/stomics/mosta/,yes (http 200),"Chen et al., Cell 185, 1777-1792 (2022)",https://doi.org/10.1016/j.cell.2022.04.003,2022,no,
bruker_cosmx_nsclc_ffpe,CosMx NSCLC FFPE dataset,CosMx,spatial transcriptomics,human,lung,non-small cell lung cancer,,https://brukerspatialbiology.com/products/cosmx-spatial-molecular-imager/ffpe-dataset/nsclc-ffpe-data-set/,no (http 404),Bruker Spatial Biology (vendor dataset),https://brukerspatialbiology.com/products/cosmx-spatial-molecular-imager/ffpe-dataset/nsclc-ffpe-data-set/,,no,"vendor-released dataset, no primary paper"
10x_xenium_prime_skin_melanoma,Xenium Prime FFPE human skin (melanoma),Xenium,spatial transcriptomics,human,skin,melanoma,1,https://www.10xgenomics.com/datasets/xenium-prime-ffpe-human-skin,yes (http 200),10x Genomics (vendor dataset),https://www.10xgenomics.com/datasets/xenium-prime-ffpe-human-skin,,no,"vendor-released dataset, no primary paper"
terra_iss_cartana_reproductive_tract,ISS CARTANA healthy human reproductive tract,ISS (CARTANA),spatial transcriptomics,human,reproductive tract,healthy,6,,,Multi-scale modeling of human tissues from spatial transcriptomics with TERRA,https://doi.org/10.64898/2026.07.29.741565,2026,yes,in-house data first published in the TERRA paper (held-out assay)
terra_xenium_skin_atlas,"Xenium human skin niche atlas (19 patients, ~1.1M cells)",Xenium,spatial transcriptomics,human,skin,,79,,,Multi-scale modeling of human tissues from spatial transcriptomics with TERRA,https://doi.org/10.64898/2026.07.29.741565,2026,yes,in-house; TERRA cites ref 116 alongside - confirm whether separately published
terra_xenium_fetal_pancreas,"Xenium developing human pancreas (7 stages, 8 donors)",Xenium 5K + custom panel,spatial transcriptomics,human,pancreas (fetal),healthy,12,,,Multi-scale modeling of human tissues from spatial transcriptomics with TERRA,https://doi.org/10.64898/2026.07.29.741565,2026,yes,in-house data first published in the TERRA paper
terra_xenium_adult_pancreas_npod,Xenium adult human pancreas (nPOD donors),Xenium 5K + custom panel,spatial transcriptomics,human,pancreas,healthy,4,,,Multi-scale modeling of human tissues from spatial transcriptomics with TERRA,https://doi.org/10.64898/2026.07.29.741565,2026,yes,in-house data first published in the TERRA paper
cellxgene_mouse_brain_merfish_benchmark,Mouse brain MERFISH (cellxgene collection),MERFISH,spatial transcriptomics,mouse,brain,healthy,,https://cellxgene.cziscience.com/collections/0cc8620-8dee-45d0-aef5-23f032a5cf09,yes (http 200),to resolve,,,no,original publication to resolve (likely Zhang et al. 2023 whole-brain atlas; confirm)
zenodo_starmap_mouse_brain_benchmark,Mouse brain STARmap (Zenodo 8327576),STARmap,spatial transcriptomics,mouse,brain,healthy,,https://zenodo.org/records/8327576,"yes (zenodo record, 83 files)",to resolve,,,no,original publication to resolve from the Zenodo record
allam2022spatially,Spatially variant immune infiltration scoring in human cancer tissues,IMC,spatial proteomics,human,lung,lung cancer,26,https://zenodo.org/records/6784253,"yes (zenodo record, 1 files)",Spatially variant immune infiltration scoring in human cancer tissues,https://www.nature.com/articles/s41698-022-00305-4,2022,no,from the spora corpus (spora.epfl.ch)
borner2025collection,The human body at cellular resolution: the NIH Human Biomolecular Atlas Program,CODEX,spatial proteomics,human,,,15,https://portal.hubmapconsortium.org/search/datasets,yes (http 200),The human body at cellular resolution: the NIH Human Biomolecular Atlas Program,https://www.nature.com/articles/s41586-019-1629-x,2025,no,from the spora corpus (spora.epfl.ch)
cho2025modeling,Modeling cellular influence delineates functionally relevant cellular neighborhoods in primary and metastatic pancreatic ductal adenocarcinoma,IMC,spatial proteomics,human,pancreatic,pancreatic cancer,12,https://zenodo.org/records/15601931,"yes (zenodo record, 7 files)",Modeling cellular influence delineates functionally relevant cellular neighborhoods in primary and metastatic pancreatic ductal adenocarcinoma,https://pmc.ncbi.nlm.nih.gov/articles/PMC12262348/,2025,no,from the spora corpus (spora.epfl.ch)
cords2023cancer,Cancer-associated fibroblast classification in single-cell and spatial proteomics data,IMC,spatial proteomics,human,breast,breast cancer,12,https://zenodo.org/records/7540604,"yes (zenodo record, 5 files)",Cancer-associated fibroblast classification in single-cell and spatial proteomics data,https://www.nature.com/articles/s41467-023-39762-1,2023,no,from the spora corpus (spora.epfl.ch)
cords2024cancer,Cancer-associated fibroblast phenotypes are associated with patient outcome in non-small cell lung cancer,IMC,spatial proteomics,human,lung,lung cancer,1361,https://zenodo.org/records/7961844,"yes (zenodo record, 24 files)",Cancer-associated fibroblast phenotypes are associated with patient outcome in non-small cell lung cancer,https://www.cell.com/cancer-cell/fulltext/S1535-6108(23)00449-X,2024,no,from the spora corpus (spora.epfl.ch)
damond2019map,A map of human type 1 diabetes progression by imaging mass cytometry,IMC,spatial proteomics,human,,,12,https://data.mendeley.com/datasets/cydmwsfztj/1,yes (http 200),A map of human type 1 diabetes progression by imaging mass cytometry,https://www.cell.com/cell-metabolism/fulltext/S1550-4131(18)30691-0,2019,no,from the spora corpus (spora.epfl.ch)
danenberg2022breast,Breast tumor microenvironment structures are associated with genomic features and clinical outcome,IMC,spatial proteomics,human,breast,breast cancer,718,https://zenodo.org/records/5850952,"yes (zenodo record, 1 files)",Breast tumor microenvironment structures are associated with genomic features and clinical outcome,https://www.nature.com/articles/s41588-022-01041-y,2022,no,from the spora corpus (spora.epfl.ch)
ehret2025shaking,"Shaking organoid co-cultures: human-relevant models of epithelial, stromal and immune interactions for cancer research and immunotherapy development",IMC,spatial proteomics,human,colorectal,colorectal cancer,55,https://zenodo.org/records/15198804,"yes (zenodo record, 2 files)","Shaking organoid co-cultures: human-relevant models of epithelial, stromal and immune interactions for cancer research and immunotherapy development",https://zenodo.org/records/15198804,2025,no,from the spora corpus (spora.epfl.ch)
fischer2023multiplex,Multiplex imaging of breast cancer lymph node metastases identifies prognostic single-cell populations independent of clinical classifiers,IMC,spatial proteomics,human,breast,breast cancer,892,https://doi.org/10.5281/zenodo.7494727,"yes (zenodo record, 2 files)",Multiplex imaging of breast cancer lymph node metastases identifies prognostic single-cell populations independent of clinical classifiers,https://www.sciencedirect.com/science/article/pii/S2666379123000836,2023,no,from the spora corpus (spora.epfl.ch)
gupta2026single,Single-cell spatial atlas of the aging human breast,IMC,spatial proteomics,human,,healthy,527,https://zenodo.org/records/18418221,"yes (zenodo record, 1 files)",Single-cell spatial atlas of the aging human breast,https://www.nature.com/articles/s43587-026-01104-3,2026,no,from the spora corpus (spora.epfl.ch)
hickey2023organization,Organization of the human intestine at single-cell resolution,CODEX,spatial proteomics,human,,,8,https://datadryad.org/stash/dataset/doi:10.5061/dryad.gmsbcc2sq,yes (http 200),Organization of the human intestine at single-cell resolution,https://www.nature.com/articles/s41586-023-05915-x,2023,no,from the spora corpus (spora.epfl.ch)
hoch2022multiplexed,Multiplexed imaging mass cytometry of the chemokine milieus in melanoma characterizes features of the response to immunotherapy,IMC,spatial proteomics,human,skin (melanoma),,35,https://zenodo.org/records/6004986,"yes (zenodo record, 1 files)",Multiplexed imaging mass cytometry of the chemokine milieus in melanoma characterizes features of the response to immunotherapy,https://www.science.org/doi/full/10.1126/sciimmunol.abk1692,2022,no,from the spora corpus (spora.epfl.ch)
hu2023single,Single-cell spatial metabolomics with cell-type specific protein profiling for tissue systems biology,IMC,spatial proteomics,human,lung,lung cancer,12,https://zenodo.org/records/6784251,"yes (zenodo record, 1 files)",Single-cell spatial metabolomics with cell-type specific protein profiling for tissue systems biology,https://www.nature.com/articles/s41467-023-43917-5,2023,no,from the spora corpus (spora.epfl.ch)
jackson2020single,The single-cell pathology landscape of breast cancer,IMC,spatial proteomics,human,breast,breast cancer,285,https://zenodo.org/records/3518284,"yes (zenodo record, 3 files)",The single-cell pathology landscape of breast cancer,https://www.nature.com/articles/s41586-019-1876-x,2020,no,from the spora corpus (spora.epfl.ch)
lin2022multiplexed,Multiplexed 3D atlas of state transitions and immune interaction in colorectal cancer,CODEX,spatial proteomics,human,colorectal,colorectal cancer,6,https://humantumoratlas.org/explore,yes (http 200),Multiplexed 3D atlas of state transitions and immune interaction in colorectal cancer,https://www.sciencedirect.com/science/article/pii/S0092867422015719,2022,no,from the spora corpus (spora.epfl.ch)
lin2023high,High-plex immunofluorescence imaging and traditional histology of the same tissue section for discovering image-based biomarkers,Orion,spatial proteomics,human,colorectal,colorectal cancer,40,https://www.tissue-atlas.org/atlas-datasets/lin-chen-campton-2023/,yes (http 200),High-plex immunofluorescence imaging and traditional histology of the same tissue section for discovering image-based biomarkers,https://www.nature.com/articles/s43018-023-00576-1,2023,no,from the spora corpus (spora.epfl.ch)
liu2022reproducible,"Reproducible, high-dimensional imaging in archival human tissue by multiplexed ion beam imaging by time-of-flight (MIBI-TOF)",MIBI,spatial proteomics,human,"breast, colorectal","breast, colorectal cancer",28,https://zenodo.org/records/5945388,"yes (zenodo record, 3 files)","Reproducible, high-dimensional imaging in archival human tissue by multiplexed ion beam imaging by time-of-flight (MIBI-TOF)",https://www.sciencedirect.com/science/article/pii/S0023683722002112,2022,no,from the spora corpus (spora.epfl.ch)
malchiodi2024natural,Periductal fibroblast density defines lymphocyte exclusion via a CD44-dependent stromal checkpoint in pancreatic cancer,IMC,spatial proteomics,human,"pancreatic, other disease","pancreatic, other disease cancer",63,https://zenodo.org/records/10582038,"yes (zenodo record, 9 files)",Periductal fibroblast density defines lymphocyte exclusion via a CD44-dependent stromal checkpoint in pancreatic cancer,https://www.biorxiv.org/content/10.1101/2024.05.23.593868v3,2024,no,from the spora corpus (spora.epfl.ch)
meyer2025stratification,A stratification system for breast cancer based on basoluminal tumor cells and spatial tumor architecture,IMC,spatial proteomics,human,breast,breast cancer,215,https://zenodo.org/records/10942609,"yes (zenodo record, 2 files)",A stratification system for breast cancer based on basoluminal tumor cells and spatial tumor architecture,https://www.sciencedirect.com/science/article/pii/S1535610825002697,2025,no,from the spora corpus (spora.epfl.ch)
moldoveanu2022spatially,Spatially mapping the immune landscape of melanoma using imaging mass cytometry,IMC,spatial proteomics,human,skin (melanoma),,90,https://zenodo.org/records/5903190,"yes (zenodo record, 1 files)",Spatially mapping the immune landscape of melanoma using imaging mass cytometry,https://www.science.org/doi/10.1126/sciimmunol.abi5072,2022,no,from the spora corpus (spora.epfl.ch)
monkman2024spatial,Spatial insights into immunotherapy response in non-small cell lung cancer (NSCLC) by multiplexed tissue imaging,CODEX,spatial proteomics,human,lung,lung cancer,42,https://zenodo.org/records/10258578,"yes (zenodo record, 45 files)",Spatial insights into immunotherapy response in non-small cell lung cancer (NSCLC) by multiplexed tissue imaging,https://translational-medicine.biomedcentral.com/articles/10.1186/s12967-024-05035-8,2024,no,from the spora corpus (spora.epfl.ch)
phillips2021immune,Immune cell topography predicts response to PD-1 blockade in cutaneous T cell lymphoma,CODEX,spatial proteomics,human,lymphoma,lymphoma cancer,14,https://immunoatlas.org/NOLN/210920-1,yes (http 200),Immune cell topography predicts response to PD-1 blockade in cutaneous T cell lymphoma,https://www.nature.com/articles/s41467-021-26974-6,2021,no,from the spora corpus (spora.epfl.ch)
rigamonti2024integrating,"Integrating AI-powered digital pathology and imaging mass cytometry identifies key classifiers of tumor cells, stroma, and immune cells in non-small cell lung cancer",IMC,spatial proteomics,human,lung,lung cancer,108,,,"Integrating AI-powered digital pathology and imaging mass cytometry identifies key classifiers of tumor cells, stroma, and immune cells in non-small cell lung cancer",https://aacrjournals.org/cancerres/article/84/7/1165/742042/,2024,no,from the spora corpus (spora.epfl.ch)
ruf2023tumor,Tumor-associated macrophages trigger MAIT cell dysfunction at the HCC invasive margin,CODEX,spatial proteomics,human,liver,liver cancer,17,https://www.cancerimagingarchive.net/collection/codex-imaging-of-hcc/,yes (http 200),Tumor-associated macrophages trigger MAIT cell dysfunction at the HCC invasive margin,https://www.sciencedirect.com/science/article/pii/S0092867423008048?via%3Dihub,2023,no,from the spora corpus (spora.epfl.ch)
rumberger2025automated,Automated classification of cellular expression in multiplexed imaging data with Nimbus,MIBI,spatial proteomics,human,breast,breast cancer,117,https://huggingface.co/datasets/JLrumberger/Pan-Multiplex/tree/main,yes (http 200),Automated classification of cellular expression in multiplexed imaging data with Nimbus,https://www.nature.com/articles/s41592-025-02826-9,2025,no,from the spora corpus (spora.epfl.ch)
salie2025spatial,Spatial single-cell profiling and neighbourhood analysis reveal the determinants of immune architecture connected to checkpoint inhibitor therapy outcome in hepatocellular carcinoma,IMC,spatial proteomics,human,liver,liver cancer,96,https://zenodo.org/records/10793609,"yes (zenodo record, 1 files)",Spatial single-cell profiling and neighbourhood analysis reveal the determinants of immune architecture connected to checkpoint inhibitor therapy outcome in hepatocellular carcinoma,https://gut.bmj.com/content/74/3/451,2025,no,from the spora corpus (spora.epfl.ch)
schulz2018simultaneous,Simultaneous multiplexed imaging of mRNA and proteins with subcellular resolution in breast cancer tissue samples by mass cytometry,IMC,spatial proteomics,human,breast,breast cancer,79,https://data.mendeley.com/datasets/m4b97v7myb/1,yes (http 200),Simultaneous multiplexed imaging of mRNA and proteins with subcellular resolution in breast cancer tissue samples by mass cytometry,https://www.cell.com/fulltext/S2405-4712(17)30543-4,2018,no,from the spora corpus (spora.epfl.ch)
schulz2024immucan,Multi-modal image analysis for large-scale cancer tissue studies within IMMUcan,IMC,spatial proteomics,human,"colorectal, lung, head & neck, breast","colorectal, lung, head & neck, breast cancer",179,https://zenodo.org/records/12912567,"yes (zenodo record, 7 files)",Multi-modal image analysis for large-scale cancer tissue studies within IMMUcan,https://www.cell.com/cell-reports-methods/fulltext/S2667-2375(25)00206-1,2024,no,from the spora corpus (spora.epfl.ch)
schurch2020coordinated,Coordinated cellular neighborhoods orchestrate antitumoral immunity at the colorectal cancer invasive front,CODEX,spatial proteomics,human,colorectal,colorectal cancer,102,https://www.cancerimagingarchive.net/collection/crc_ffpe-codex_cellneighs/,yes (http 200),Coordinated cellular neighborhoods orchestrate antitumoral immunity at the colorectal cancer invasive front,https://www.sciencedirect.com/science/article/pii/S0092867420308709?via%3Dihub,2020,no,from the spora corpus (spora.epfl.ch)
xiao2022multiplexed,Multiplexed imaging mass cytometry reveals distinct tumor-immune microenvironments linked to immunotherapy responses in melanoma,IMC,spatial proteomics,human,skin (melanoma),,26,https://zenodo.org/records/6838169,"yes (zenodo record, 3 files)",Multiplexed imaging mass cytometry reveals distinct tumor-immune microenvironments linked to immunotherapy responses in melanoma,https://www.nature.com/articles/s43856-022-00197-2,2022,no,from the spora corpus (spora.epfl.ch)
zhuhuman2025spatial,Spatial and multiomics analysis of human and mouse lung adenocarcinoma precursors reveals TIM-3 as a putative target for precancer interception,IMC,spatial proteomics,human,lung,lung cancer,62,https://www.synapse.org/Synapse:syn54951674/wiki/626860,yes (http 200),Spatial and multiomics analysis of human and mouse lung adenocarcinoma precursors reveals TIM-3 as a putative target for precancer interception,https://www.cell.com/cancer-cell/fulltext/S1535-6108(25)00162-X,2025,no,from the spora corpus (spora.epfl.ch)
hubmap_spleen_thymus_codex,HuBMAP spleen and thymus CODEX,CODEX,spatial proteomics,human,"spleen, thymus",,,https://portal.hubmapconsortium.org/,"no (link is a site root, not a dataset)",HuBMAP consortium (portal),https://portal.hubmapconsortium.org/,,no,consortium resource
immunoatlas,ImmunoAtlas multiplexed imaging collection,multiplexed imaging,spatial proteomics,human,various,,,https://immunoatlas.org/,"no (link is a site root, not a dataset)",ImmunoAtlas (portal),https://immunoatlas.org/,,no,portal resource
ibex_zenodo_5244551,IBEX multiplexed imaging dataset,IBEX,spatial proteomics,human,various,,,https://zenodo.org/records/5244551,"yes (zenodo record, 14 files)",to resolve,,,no,original publication to resolve from the Zenodo record
celldive_idr,Cell DIVE dataset (Image Data Resource),Cell DIVE,spatial proteomics,human,various,,,https://idr.openmicroscopy.org/,"no (link is a site root, not a dataset)",to resolve,,,no,original publication to resolve from the IDR entry
kronos_private_cohorts,"KRONOS private pretraining cohorts (Stanford, NIH-NIAID, U. Florida, BIDMC; ~42M cells)",multiplexed imaging,spatial proteomics,human,various (16 tissue types),,,,,A Foundation Model for Spatial Proteomics,https://doi.org/10.48550/arXiv.2506.03373,2025,yes,unreleased institutional data first described in the KRONOS paper
shaban2024_chl_codex,Classical Hodgkin lymphoma CODEX (>134k annotated cells),CODEX,spatial proteomics,human,lymph node,classical Hodgkin lymphoma,,,,"Shaban et al. (MAPS), Nature Communications 15, 28 (2024)",https://doi.org/10.1038/s41467-023-44188-w,2024,no,
yeo2024_dlbcl_multiomics,"DLBCL multiplexed imaging cohorts (DLBCL-1 >361k, DLBCL-2 >1M annotated cells)",multiplexed imaging,spatial proteomics,human,lymph node,diffuse large B-cell lymphoma,,,,"Yeo et al., bioRxiv (2024)",https://doi.org/10.1101/2024.12.20.629650,2024,no,
