dataset_id,dataset_name,platform,modality,is_spatial,species,tissue,disease,perturbation,n_samples,data_access_link,download_url,data_downloadable,original_publication,original_publication_link,original_publication_year,first_published_by_model_paper,candidate_accessions,notes
liao2023_stereo,mouse thymus transcriptome-proteome data,Stereo-CITE-seq,spatial transcriptomics,no,Mouse,thymus,,,,https://zenodo.org/records/10362607,https://zenodo.org/api/records/10362607/files/Data_SpatialGlue.zip/content,,"Liao et al., Integrated spatial transcriptomic and proteomic analysis of fresh frozen tissue based on stereo-seq, bioRxiv (2023)",https://doi.org/10.1101/2023.04.28.538364,2023,no,,
cao2019_scrnaseq,Mouse organogenesis cell atlas (MOCA) / E13.5 scRNA-seq data,scRNA-seq,,no,mouse,embryo,,,,https://oncoscape.v3.strtcancer.org/atlas.gs.washington.edu.mouse.rna/downloads,,,"Cao et al., The single-cell transcriptional landscape of mammalian organogenesis, Nature (2019)",https://doi.org/10.1038/s41586-019-0969-x,2019,no,,also: https://oncoscape.v3.sttrcancer.org/atlas.gs.washington.edu.mouse.rna/downloads
zeisel2018_scrnaseq,Mouse brain cell atlas / single-cell RNA-seq reference data,scRNA-seq,,no,mouse,brain,,,,http://mousebrain.org/adolescent/downloads.html,,,"Zeisel et al., Molecular Architecture of the Mouse Nervous System, Cell (2018)",,2018,no,,also: https://storage.googleapis.com/linnarsson-lab-loom/l5_all.loomoriginal publication link unresolved (Crossref miss)
davis2018_atacseq,ENCODE ATAC-seq (E13.5 mouse embryo),ATAC-seq,,no,Mouse,Embryo brain,,,,https://www.encodeproject.org/search/?type=Experiment&status=released&related_series.@type=OrganismDevelopmentSeries&replicates.library.biosample.organism.scientific_name=Mus+musculus&assay_title=ATAC-seq&life_stage_age=embryonic%2013.5%20days,,,"Davis et al., The Encyclopedia of DNA Elements (ENCODE) data portal, Nature (2018)",https://doi.org/10.64898/2026.07.06.731365,2018,no,,
davis2018_rnaseq,ENCODE RNA-seq (E13.5 mouse embryo forebrain),RNA-seq,,no,Mouse,Forebrain,,,,https://www.ncbi.nlm.nih.gov/geo/query/acc.cgi?acc=GSE78456,https://www.ncbi.nlm.nih.gov/geo/download/?acc=GSE78456&format=file,,"Davis et al., The Encyclopedia of DNA Elements (ENCODE) data portal, Nature (2018)",https://doi.org/10.64898/2026.07.06.731365,2018,no,,"also: https://www.ncbi.nlm.nih.gov/geo/query/acc.cgi?acc=GSE78481, https://www.ncbi.nlm.nih.gov/geo/query/acc.cgi?acc=GSE78493"
li2021_scatacseq,Atlas of gene regulatory elements in adult mouse cerebrum,scATAC-seq,,no,Mouse,Cerebrum,,,,http://catlas.org/mousebrain/#!/downloads,,,"Li et al., An atlas of gene regulatory elements in adult mouse cerebrum, Nature (2021)",https://doi.org/10.1242/prelights.22481,2021,no,,
franjic2022_snrnaseq,Human hippocampus (snRNA-seq),snRNA-seq,,no,Human,Hippocampus,,,,https://www.ncbi.nlm.nih.gov/geo/query/acc.cgi?acc=GSE186538,https://ftp.ncbi.nlm.nih.gov/geo/series/GSE186nnn/GSE186538/suppl/GSE186538_Rhesus_cell_meta.txt.gz,,"Franjic et al., Transcriptomic taxonomy and neurogenic trajectories of adult human, macaque, and pig hippocampal and entorhinal cells, Neuron (2022)",https://doi.org/10.1016/j.neuron.2021.10.036,2022,no,,
corces2020_scatacseq,Human hippocampus (scATAC-seq),scATAC-seq,,no,Human,Brain,,,,https://www.ncbi.nlm.nih.gov/geo/query/acc.cgi?acc=GSE147672,https://www.ncbi.nlm.nih.gov/geo/download/?acc=GSE147672&format=file,,"Corces et al., Single-cell epigenomic analyses implicate candidate causal variants at inherited risk loci for Alzheimer’s and Parkinson’s diseases, Nat. Genet. (2020)",https://doi.org/10.1038/s41588-020-00721-x,2020,no,,
halpern2017_scrnaseq,scRNAseq dataset,scRNAseq,,no,mouse,liver,,,,,,,"Halpern et al., Single-cell spatial reconstruction reveals global division of labour in the mammalian liver, Nature (2017)",https://doi.org/10.3410/f.727277514.793528807,2017,no,,
benmoshe2019_facsbased_pr,FACS-based hepatocyte proteome,FACS-based proteomics,,no,mouse,liver,,,,,,,"Ben-Moshe et al., Spatial sorting enables comprehensive characterization of liver zonation, Nat. Metab. (2019)",https://doi.org/10.1038/s42255-019-0109-9,2019,no,GSE134827; PRJNA556572; PXD014512,
liao2023_stereo_2,Mouse thymus slice dataset,Stereo-CITE-seq,spatial transcriptomics,no,Mouse,Thymus,,,,,,,"Liao et al., Stereo-CITE-seq for spatial multi-omics transcriptomics and proteomics, bioRxiv (2023)",,2023,no,,original publication link unresolved (Crossref miss)
qiu2024_scrnaseq,scRNA-seq reference for mouse embryo,scRNA-seq,,no,mouse,embryo,,,,https://omg.gs.washington.edu/,,,"Qiu et al., A single-cell time-lapse of mouse prenatal development from gastrula to birth, Nature (2024)",,2024,no,,original publication link unresolved (Crossref miss)
qiu2021_scrnaseq,scRNA-seq dataset,scRNA-seq,,no,human,femoral head,,,,GSE169396,https://www.ncbi.nlm.nih.gov/geo/download/?acc=GSE169396&format=file,,"Qiu et al., Single-cell RNA sequencing of human femoral head in vivo, Aging (Albany NY) (2021)",,2021,no,,original publication link unresolved (Crossref miss)
kamath2022_snrnaseq,Human postmortem snRNA-seq data,snRNA-seq,,no,human,caudate nucleus,,,,GSE178265,https://ftp.ncbi.nlm.nih.gov/geo/series/GSE178nnn/GSE178265/suppl/GSE178265_Tupaia_features.tsv.gz,,"Kamath et al., Single-cell genomic profiling of human dopamine neurons identifies a population that selectively degenerates in Parkinson’s disease, Nat. Neurosci. (2022)",https://doi.org/10.3410/f.742115667.793594170,2022,no,,
kanemaru2023_10x_genomics,Human heart,10x Genomics Multiome ATAC and Gene Expression,,no,human,heart,,,,,,,"Kanemaru et al., Spatially resolved multiomics of human cardiac niches, Nature (2023)",https://doi.org/10.1038/s44161-023-00327-6,2023,no,,
zhu2023_10x_genomics,Human cerebral cortex,10x Genomics Multiome ATAC and Gene Expression,,no,human,cerebral cortex,,,,,,,"Zhu et al., Multi-omic profiling of the developing human cerebral cortex at the single-cell level, Sci Adv (2023)",https://doi.org/10.1126/sciadv.adg3754,2023,no,,
nagy2020_10x_chromium,Human DLPFC reference single-nucleus dataset,10x Chromium,,no,Human,Dorsolateral prefrontal cortex (brain),,,,,,,"Nagy et al., Single-nucleus transcriptomics of the prefrontal cortex in major depressive disorder implicates oligodendrocyte precursor cells and excitatory neurons, Nat Neurosci (2020)",https://doi.org/10.3410/f.737829927.793575795,2020,no,,
peng2019_10x_chromium,PDAC-Peng scRNA-seq dataset,10x Chromium,,no,Human,Pancreatic ductal adenocarcinoma,,,,,,,"Peng et al., Single-cell RNA-seq highlights intra-tumoral heterogeneity and malignant progression in pancreatic ductal adenocarcinoma, Cell Res (2019)",,2019,no,,original publication link unresolved (Crossref miss)
tepe2018_10x_chromium,Mouse olfactory bulb scRNA-seq dataset,10x Chromium,,no,Mouse,Olfactory bulb,,,,https://www.ncbi.nlm.nih.gov/geo/query/acc.cgi?acc=GSE121891,https://ftp.ncbi.nlm.nih.gov/geo/series/GSE121nnn/GSE121891/suppl/GSE121891_OB_6_runs_processed_seurat.dge.csv.gz,,"Tepe et al., Single-cell RNA-seq of mouse olfactory bulb reveals cellular heterogeneity and activity-dependent molecular census of adult-born neurons, Cell Rep (2018)",https://doi.org/10.1016/j.celrep.2018.11.034,2018,no,,"accession GSE121891 found in the original publication (sole accession in that paper), verified live"
fresh_frozen_pro_iss,Fresh frozen prostate cancer tissue slide,TMT-based quantitative mass spectrometry with direct on-site tissue-protein-labeling (SPOT),spatial transcriptomics,no,mouse,brain,,,,,,,,,,yes,,original publication link unresolved (Crossref miss)
hodge2019_smartseq,Smart-seq human middle temporal gyrus dataset,Smart-seq,,no,Human,middle temporal gyrus,,,,,,,"Hodge et al., Conserved cell types with divergent features in human versus mouse cortex, Nature (2019)",https://doi.org/10.3410/f.736463800.793571577,2019,no,,
christoforou2016_quantitative,hyperLOPIT dataset,"quantitative mass spectrometry / hyperLOPIT (TMT 10-plex, SPS-MS3)",,no,Mus musculus,pluripotent embryonic stem cells (E14TG2a),,,,https://www.ebi.ac.uk/pride/archive/projects/PXD001279,,,"Christoforou et al., A draft map of the mouse pluripotent stem cell spatial proteome, Nat Commun. (2016)",https://doi.org/10.1038/ncomms9992,2016,no,,"accession PXD001279 found in the original publication (sole accession in that paper), verified live"
kleshchevnikov2022_scrnaseq,Human lymphoid tissues scRNA-seq dataset,scRNA-seq,,no,human,lymphoid tissues,,,,,,,"Kleshchevnikov et al., Cell2location maps fine-grained cell types in spatial transcriptomics, Nat Biotechnol (2022)",https://doi.org/10.1038/s41587-021-01139-4,2022,no,,
single_nuclei_rn_10x_chromium,Single-nuclei RNA sequencing dataset (G1-G3 gliomas),10X Chromium,,no,Human,Glioma (brain),,,,,,,,,,yes,,original publication link unresolved (Crossref miss)
wang2023_mass_spectro,Proteogenomics and multi-omics dataset of 213 glioma patients,Mass spectrometry proteomics and WES/RNA-seq,,no,Human,Diffuse gliomas (brain),,,,,,,"Wang et al., Proteogenomics of diffuse gliomas reveal molecular subtypes associated with specific therapeutic targets and immune-evasion mechanisms, Nat Commun (2023)",https://doi.org/10.1038/s41467-026-76428-0,2023,no,,
breckels2016_mass_spectro,E14TG2aR,mass spectrometry (LOPIT),,no,mouse,embryonic stem cells,,,,,,,"Breckels et al., Learning from Heterogeneous Data Sources: An Application in Spatial Proteomics, PLoS Comput Biol. (2016)",https://doi.org/10.1371/journal.pcbi.1004920,2016,no,,
tan2009_mass_spectro,tan2009r1,mass spectrometry,,no,Drosophila melanogaster,,,,,,,,"Tan et al., Mapping organelle proteins and protein complexes in Drosophila melanogaster, J Proteome Res. (2009)",https://doi.org/10.1021/pr800866n,2009,no,,
dunkley2006_mass_spectro,Root Callus dataset,mass spectrometry (LOPIT),,no,,Root Callus,,,,,,,"Dunkley et al., Mapping the Arabidopsis organelle proteome, Proc Natl Acad Sci U S A (2006)",https://doi.org/10.3410/f.1040272.489213,2006,no,,
groen2014_mass_spectro,Root dataset,mass spectrometry,,no,,Root tissue,,,,,,,"Groen et al., Identification of trans-golgi network proteins in Arabidopsis thaliana root tissue, J Proteome Res (2014)",https://doi.org/10.1021/pr4008464,2014,no,,
itzhak2016_mass_spectro,Human embryonic kidney fibroblast cells dataset,mass spectrometry,,no,,Fibroblast cells,,,,,,,"Itzhak et al., Global, quantitative and dynamic mapping of protein subcellular localization, Elife (2016)",https://doi.org/10.7554/elife.16950.025,2016,no,,
christoforou2016_mass_spectro,Mouse pluripotent stem cell dataset,mass spectrometry (hyper-LOPIT),,no,,Pluripotent stem cells,,,,https://www.ebi.ac.uk/pride/archive/projects/PXD001279,,,"Christoforou et al., A draft map of the mouse pluripotent stem cell spatial proteome, Nat Commun (2016)",https://doi.org/10.1038/ncomms9992,2016,no,,"accession PXD001279 found in the original publication (sole accession in that paper), verified live"
barylyuk2020_mass_spectro,Toxoplasma gondii hyperLOPIT dataset,mass spectrometry (hyper-LOPIT),,no,,Parasites grown in and purified from human foreskin fibroblasts,,,,,,,"Barylyuk et al., A comprehensive subcellular Atlas of the toxoplasma proteome via hyperLOPIT provides spatial context for protein functions, Cell Host Microbe (2020)",https://doi.org/10.3410/f.738830214.793582767,2020,no,,
lambrechts2018_scrnaseq,Human non-small-cell lung cancer scRNA-seq dataset,scRNA-seq,,no,human,lung tumor microenvironment,,,,,,,"Lambrechts et al., Phenotype molding of stromal cells in the lung tumor microenvironment, Nat. Med. (2018)",https://doi.org/10.1038/s41591-018-0096-5,2018,no,,
ding2020_scrnaseq,PBMC datasets,scRNA-seq,,no,human,peripheral blood mononuclear cells,,,,,,,"Ding et al., Systematic comparison of single-cell and single-nucleus RNA-sequencing methods, Nat. Biotechnol. (2020)",,2020,no,,original publication link unresolved (Crossref miss)
tasic2016_smartseq2,Adult mouse cortex scRNA-seq dataset,Smart-seq2,,no,mouse,cortex,,,,,,,"Tasic et al., Adult mouse cortical cell taxonomy revealed by single cell transcriptomics, Nat. Neurosci. (2016)",https://doi.org/10.1038/nn.4216,2016,no,,
tirosh2016_smartseq2,Melanoma scRNA-seq dataset (Smart-seq2),Smart-seq2,,no,human,melanoma,,,,,,,"Tirosh et al., Dissecting the multicellular ecosystem of metastatic melanoma by single-cell RNA-seq, Science (2016)",https://doi.org/10.3410/f.726270532.793518916,2016,no,,
hodge2019_singlenucleu,snRNA-seq dataset from multiple human cortical areas,single-nucleus RNA-seq (snRNA-seq),,no,human,neocortical areas,,,,https://portal.brainmap.org/,,,"Hodge et al., Conserved cell types with divergent features in human versus mouse cortex, Nature (2019)",https://doi.org/10.3410/f.736463800.793571577,2019,no,,
jorstad2023_snrnaseq,BICCN neocortex dataset,snRNA-seq,,no,human,cerebral cortex,,,,,,,"Jorstad et al., Transcriptomic cytoarchitecture reveals principles of human neocortex organization, Science (2023)",https://doi.org/10.1126/science.adf6812,2023,no,,
chi2021_bulk_rnaseq,Murine liver bulk RNA-seq dataset,bulk RNA-seq,,no,mouse,liver,,,,GSE137385,https://ftp.ncbi.nlm.nih.gov/geo/series/GSE137nnn/GSE137385/suppl/GSE137385_readcount_genename.csv.gz,,"Chi et al., Comparative impact of dietary carbohydrates on the liver transcriptome in two strains of mice, Physiol. Genomics (2021)",https://doi.org/10.1152/physiolgenomics.00053.2021,2021,no,,
molinasnchez2020_bulk_rnaseq,Murine liver bulk RNA-seq dataset,bulk RNA-seq,,no,mouse,liver,,,,GSE148379,https://www.ncbi.nlm.nih.gov/geo/download/?acc=GSE148379&format=file,,"Molina-Sánchez et al., Cooperation between distinct cancer driver genes underlies intertumor heterogeneity in hepatocellular carcinoma, Gastroenterology (2020)",https://doi.org/10.1053/j.gastro.2020.08.015,2020,no,,
tasic2018_smartseq,mouse brain cerebral cortex region dataset,Smart-seq,,no,mouse,brain cerebral cortex,,,,,,,"Tasic et al., Shared and distinct transcriptomic cell types across neocortical areas, Nature (2018)",,2018,no,,original publication link unresolved (Crossref miss)
lake2019_snrnaseq,human kidney snRNAseq dataset,snRNAseq,,no,human,kidney,,,,,,,"Lake et al., A single-nucleus RNA-sequencing pipeline to decipher the molecular anatomy and pathophysiology of human kidneys, Nat. Commun. (2019)",https://doi.org/10.1038/s41467-019-10861-2,2019,no,GSE107585; GSE109564; GSE114156,
andersson2021_microarray_t,HER2ST,microarray technology,,no,Homo Sapiens,breast cancer,,,,https://www.ncbi.nlm.nih.gov/geo/query/acc.cgi?acc=GSE144240,https://www.ncbi.nlm.nih.gov/geo/download/?acc=GSE144240&format=file,,"Andersson et al., Spatial deconvolution of HER2-positive breast cancer delineates tumor-associated cell type interactions, Nat. Commun. (2021)",https://doi.org/10.1038/s41467-021-26271-2,2021,no,,"accession GSE144240 found in the original publication (sole accession in that paper), verified live"
bianco2019_rnaseq,Granulosa cell RNA-seq dataset,RNA-seq,,no,mouse,ovary,,,,,,,"Bianco et al., The Ovulatory Signal Precipitates LRH-1 Transcriptional Switching Mediated by Differential Chromatin Accessibility, Cell Rep (2019)",https://doi.org/10.1016/j.celrep.2019.07.088,2019,no,,
photon_datasets__illumina,"PHOTON datasets (GCs, nucleolus, stress granules)",Illumina,,no,mouse and human,ovary and cultured cells,,,,PRJNA1152621,,,,,,yes,,original publication link unresolved (Crossref miss)
grubman2019_snrnaseq,ENTI single-nuclei RNA sequencing (snRNA-seq) dataset,snRNA-seq,,no,human,entorhinal cortex,,,,GSE138852,https://ftp.ncbi.nlm.nih.gov/geo/series/GSE138nnn/GSE138852/suppl/GSE138852_covariates.csv.gz,,"Grubman et al., A single-cell atlas of entorhinal cortex from individuals with Alzheimer's disease reveals cell-type-specific gene expression regulation, Nat Neurosci (2019)",https://doi.org/10.1038/s41593-019-0539-4,2019,no,,
barrett2022_cellspecific,deep transcriptome / bulk sorted data,cell-specific FACS sorting / RNA-seq,,no,Caenorhabditis elegans,nervous system / select neuronal cell types,,,,,,,"Barrett et al., Integrating bulk and single cell RNA-seq refines transcriptomic profiles of specific C. elegans neurons, Genetics. bioRxiv (2022)",https://doi.org/10.7554/elife.106183.2.sa4,2022,no,,
faxp_mouse_and_h_mass_spectro,FAXP mouse and human colorectal cancer datasets,Mass Spectrometry,,no,Mouse and Human,"Liver, kidney, brain, and colorectal cancer FFPE tissues",,,,PXD041412,,,,,,yes,,original publication link unresolved (Crossref miss)
saunders2018_dropseq,Mouse cerebral cortex Drop-seq data,Drop-seq,,no,mouse,cerebral cortex,,,,http://dropviz.org/,,,"Saunders et al., Molecular Diversity and Specializations among the Cells of the Adult Mouse Brain, Cell (2018)",https://doi.org/10.3410/f.733788062.793555435,2018,no,,
single_cell_rna_2025_10x_chromium,Single-cell RNA sequencing data,10x Chromium Single Cell Gene Expression FLEX,,no,Human,Tumor tissue microarrays (tTMA1 and tTMA2),,,,GSE308148,https://www.ncbi.nlm.nih.gov/geo/download/?acc=GSE308148&format=file,,Systematic benchmarking of imaging spatial transcriptomics platforms in FFPE tissues,https://doi.org/10.1038/s41467-025-64990-y,2025,yes,,
wu2021_citeseq,CITE-seq data of human breast cancer,CITE-seq,,no,human,breast cancer,,,,GSE176078,https://www.ncbi.nlm.nih.gov/geo/download/?acc=GSE176078&format=file,,"Wu et al., A single-cell and spatially resolved atlas of human breast cancers, Nat. Genet. (2021)",,2021,no,,original publication link unresolved (Crossref miss)
madissoon2019_scrnaseq,Madissoon2020 (lung dataset),scRNA-seq,,no,human,"lung, spleen, esophagus",,,,https://www.ebi.ac.uk/ena/browser/api/xml/PRJEB31843,,,"Madissoon et al., scRNA-seq assessment of the human lung, spleen, and esophagus tissue stability after cold preservation, Genome Biol. (2019)",https://doi.org/10.1186/s13059-019-1906-x,2019,no,,"accession PRJEB31843 found in the original publication (sole accession in that paper), verified live"
travaglini2020_scrnaseq,Krasnow2021 (lung dataset),scRNA-seq,,no,human,lung,,,,,,,"Travaglini et al., A molecular cell atlas of the human lung from single-cell RNA sequencing, Nature (2020)",,2020,no,,original publication link unresolved (Crossref miss)
madissoon2022_scrnaseq,Meyer2022 (lung dataset),scRNA-seq,,no,human,lung,,,,,,,"Madissoon et al., A spatially resolved atlas of the human lung characterizes a gland-associated immune niche, Nat. Genet. (2022)",https://doi.org/10.3410/f.742461622.793599127,2022,no,,
litviukov2020_snrnaseq,Litvinukova2020 (heart dataset),snRNA-seq,,no,human,heart,,,,,,,"Litviňuková et al., Cells of the adult human heart, Nature (2020)",,2020,no,,original publication link unresolved (Crossref miss)
consortium2020_scrnaseq,Tabula Muris Senis atlas,scRNA-seq,,no,mouse,multiple organs,,,,,,,"Consortium et al., A single-cell transcriptomic atlas characterizes ageing tissues in the mouse, Nature (2020)",,2020,no,,original publication link unresolved (Crossref miss)
sikkema2023_scrnaseq,Human Lung Cell Atlas (HLCA),scRNA-seq,,no,human,lung,,,,,,,"Sikkema et al., An integrated cell atlas of the lung in health and disease, Nat. Med. (2023)",,2023,no,,original publication link unresolved (Crossref miss)
domnguez2022_scrnaseq,immune cell atlas,scRNA-seq,,no,human,multiple tissues,,,,,,,"Domínguez Conde et al., Cross-tissue immune cell analysis reveals tissue-specific features in humans, Science (2022)",https://doi.org/10.3410/f.742140360.793593193,2022,no,,
macparland2018_scrnaseq,liver dataset,scRNA-seq,,no,human,liver,,,,,,,"MacParland et al., Single cell RNA sequencing of human liver reveals distinct intrahepatic macrophage populations, Nat. Commun. (2018)",,2018,no,,original publication link unresolved (Crossref miss)
park2020_scrnaseq,thymus dataset,scRNA-seq,,no,human,thymus,,,,,,,"Park et al., A cell atlas of human thymic development defines T cell repertoire formation, Science (2020)",https://doi.org/10.3410/f.737403297.793573413,2020,no,,
yao2021_scrnaseq,primary motor cortex dataset,scRNA-seq,,no,mouse,primary motor cortex,,,,,,,"Yao et al., A transcriptomic and epigenomic cell atlas of the mouse primary motor cortex, Nature (2021)",,2021,no,,original publication link unresolved (Crossref miss)
triana2021_scrnaseq_pr,bone marrow atlas,scRNA-seq / proteomics,,no,human,bone marrow,,,,,,,"Triana et al., Single-cell proteo-genomic reference maps of the hematopoietic system enable the purification and massive profiling of precisely defined cell states, Nat. Immunol. (2021)",https://doi.org/10.1101/2021.03.18.435922,2021,no,,
consortium2022_scrnaseq,Tabula Sapiens atlas,scRNA-seq,,no,human,multiple organs,,,,,,,"Consortium et al., The Tabula Sapiens: a multiple-organ, single-cell transcriptomic atlas of humans, Science (2022)",,2022,no,,original publication link unresolved (Crossref miss)
han2020_scrnaseq,human cell landscape dataset,scRNA-seq,,no,human,multiple tissues,,,,,,,"Han et al., Construction of a human cell landscape at single-cell level, Nature (2020)",https://doi.org/10.3410/f.737616688.793575841,2020,no,,
kolabas2023_scrnaseq,skull bone marrow dataset,scRNA-seq,,no,mouse,skull bone marrow,,,,,,,"Kolabas et al., Distinct molecular profiles of skull bone marrow in health and neurological disorders, Cell (2023)",,2023,no,,original publication link unresolved (Crossref miss)
hodge2019_smartseq_snr,human brain SMART-seq dataset,SMART-seq (snRNA-seq),,no,human,cortex,,,,,,,"Hodge et al., Conserved cell types with divergent features in human versus mouse cortex, Nature (2019)",https://doi.org/10.3410/f.736463800.793571577,2019,no,,
gast_seq_dataset2019_st,"GaST-seq dataset (Arabidopsis thaliana leaf lateral cross-sections, wounding time-series, flg22 infiltration/droplet spotting, Albugo laibachii infection)",Illumina HiSeq2500 / NextSeq 500 / HiSeq 4000 (GaST-seq),,no,Arabidopsis thaliana,Leaf,,,,,,,Spatially resolved transcriptomics reveals plant host responses to pathogens,https://doi.org/10.1186/s13007-019-0498-5,2019,yes,,
human_liver_scdv_st,human liver scDVP dataset,Orbitrap Astral mass spectrometer,,no,human,liver,,,,,,,,,,yes,,original publication link unresolved (Crossref miss)
sinnamon2019_sciatacseq,Mouse hippocampus sci-ATAC-seq dataset,sci-ATAC-seq,,no,Mouse,Hippocampus,,,,GSE118987,https://www.ncbi.nlm.nih.gov/geo/download/?acc=GSE118987&format=file,,"Sinnamon et al., The accessible chromatin landscape of the murine hippocampus at single-cell resolution, Genome Res. (2019)",https://doi.org/10.1101/gr.243725.118,2019,no,,
nguyen2020_snrnaseq,AD snRNA-seq dataset,snRNA-seq,,no,human,middle frontal neocortex,,,,https://www.ncbi.nlm.nih.gov/geo/query/acc.cgi?acc=GSE118257,https://ftp.ncbi.nlm.nih.gov/geo/series/GSE118nnn/GSE118257/suppl/GSE118257_MSCtr_snRNA_FinalAnnotationTable.txt.gz,,"Nguyen et al., APOE and TREM2 regulate amyloid-responsive microglia in Alzheimer’s disease, Acta Neuropathol. (2020)",https://doi.org/10.1007/s00401-020-02200-3,2020,no,,"accession GSE118257 found in the original publication (sole accession in that paper), verified live"
yao2021_scrnaseq_2,mouse brain scRNA-seq dataset,scRNA-seq,,no,mouse,isocortex and hippocampal formation,,,,,,,"Yao et al., A taxonomy of transcriptomic cell types across the isocortex and hippocampal formation, Cell (2021)",https://doi.org/10.1101/2020.03.30.015214,2021,no,,
seq_and_3d_storm2016_st,τ-seq and 3D-STORM imaging dataset,3D-STORM and Illumina HiSeq2000 / NextSeq500,,no,Escherichia coli,E. coli cells,,,,http://www.ncbi.nlm.nih.gov/geo/query/acc.cgi?acc=GSE75818,https://ftp.ncbi.nlm.nih.gov/geo/series/GSE75nnn/GSE75818/suppl/GSE75818_WTKasRep2.csv.gz,,Spatial organization shapes the turnover of a bacterial transcriptome,https://doi.org/10.7554/eLife.13065.029,2016,yes,,
wu2021_singlecell_r,Primary breast cancer scRNA-seq dataset (CID4530N and CID4535),Single-cell RNA-seq (scRNA-seq),,no,Human,Primary breast cancer,,,,https://ega-archive.org/datasets/EGAD00001007495,,,"Wu et al., A single-cell and spatially resolved atlas of human breast cancers, Nat Genet (2021)",,2021,no,,original publication link unresolved (Crossref miss)
karaiskos2017_scrnaseq,Human embryonic cerebral cortex frontal and parietal lobe scRNA-seq dataset,scRNA-seq,,no,Human,Cerebral cortex frontal and parietal lobe,,,,GSE103723,https://www.ncbi.nlm.nih.gov/geo/download/?acc=GSE103723&format=file,,"Karaiskos et al., The Drosophila embryo at single-cell transcriptome resolution, Science (2017)",,2017,no,,original publication link unresolved (Crossref miss)
park2018_scrnaseq,mouse scRNA-seq dataset,scRNA-seq,,no,mouse,kidney,,,,GSE107585,https://ftp.ncbi.nlm.nih.gov/geo/series/GSE107nnn/GSE107585/suppl/GSE107585_Mouse_kidney_single_cell_datamatrix.txt.gz,,"Park et al., Single-cell transcriptomics of the mouse kidney reveals potential cellular targets of kidney disease, Science (2018)",https://doi.org/10.3410/f.732995092.793549396,2018,no,,
pbhl_seq_dataset_illumina_his,PBHL-seq dataset generated in this study,Illumina HiSeq 1500,,no,Mouse and human,"Mouse embryo, mouse brain, and HeLa/293T/3T3 cell cultures",,,,GSE268148,https://www.ncbi.nlm.nih.gov/geo/download/?acc=GSE268148&format=file,,,,,yes,,original publication link unresolved (Crossref miss)
braun2023_scrnaseq,"Braun et al., 2023 dataset",scRNA-seq,,no,human,brain,,,,https://github.com/linnarsson-lab/developing-human-brain/,,,"Braun et al., Comprehensive cell atlas of the first-trimester developing human brain, Science (2023)",https://doi.org/10.1126/science.adf1226,2023,no,,
bartholomus2016_rnasequencin,E. coli bulk RNA-sequencing data,RNA-sequencing,,no,Escherichia coli,liquid culture,,,,,,,"Bartholomäus et al., Bacteria differently regulate mRNA abundance to specifically respond to various stresses, Philos. Trans. A Math. Phys. Eng. Sci. (2016)",https://doi.org/10.1098/rsta.2015.0069,2016,no,,
eraslan2022_snrnaseq,GTEx mammary tissue snRNAseq dataset (GTEX-1R9PN),snRNAseq,,no,human,mammary tissue,,,,https://www.gtexportal.org/home/downloads/adult-gtex/single_cell,,,"Eraslan et al., Single-nucleus cross-tissue molecular reference maps toward understanding disease gene function, Science (2022)",https://doi.org/10.1126/science.abl4290,2022,no,,
schmitz2012_illumina_gen,RNA-Seq dataset SRR387395 (SRP009316),Illumina Genome Analyzer IIx,,no,Human,B-cell lymphoma (Ramos cell line),,,,http://www.ncbi.nlm.nih.gov/sra/SRX105534,,,"Schmitz et al., Burkitt lymphoma pathogenesis and therapeutic targets from structural and functional genomics, Nature (2012)",https://doi.org/10.3410/f.717954415.793470130,2012,no,,
zheng2017_10x_scrnaseq,Adult Mouse Brain (FFPE) dataset,10x scRNA-seq platform,,no,mouse,brain,,,,https://www.10xgenomics.com/resources/datasets/adult-mouse-brain-ffpe-1standard-1-3-0,,,"Zheng et al., Massively parallel digital transcriptional profiling of single cells, Nat Commun (2017)",https://doi.org/10.3410/f.727212325.793533466,2017,no,,
nova_st_data_mou_st,Nova-ST Data (Mouse Brain),Illumina NovaSeq 6000 S4 flow cell (Nova-ST),spatial transcriptomics,no,Mouse,Brain,,,,GSE256318,https://www.ncbi.nlm.nih.gov/geo/download/?acc=GSE256318&format=file,,,,,yes,,original publication link unresolved (Crossref miss)
yao2021_10x_genomics,10X Genomics and SMART-seq2 (Mouse Brain),10X Genomics / SMART-seq2,,no,Mouse,Brain / Cortex and Hippocampus,,,,https://portal.brain-map.org/atlases-and-data/rnaseq/mouse-whole-cortex-and-hippocampus-10x,,,"Yao et al., A taxonomy of transcriptomic cell types across the isocortex and hippocampal formation, Cell (2021)",https://doi.org/10.1101/2020.03.30.015214,2021,no,,
deep_visual_prot_st,Deep Visual Proteomics (DVP) dataset,timsTOF SCP mass spectrometer,,no,human,ovary,,,,,,,,,,yes,,original publication link unresolved (Crossref miss)
scrna_seq_refere_chromium_sin,scRNA-seq reference dataset,Chromium Single Cell Gene Expression Flex,,no,Human,Colorectal cancer and normal adjacent tissue,,,,,,,,,,yes,,original publication link unresolved (Crossref miss)
tasic2016_scrnaseq,VISp scRNA-seq,scRNA-seq,,no,Mouse,Primary visual cortex,,,,GSE115746,https://ftp.ncbi.nlm.nih.gov/geo/series/GSE115nnn/GSE115746/suppl/GSE115746_complete_metadata_28706-cells.csv.gz,,"Tasic et al., Adult mouse cortical cell taxonomy revealed by single cell transcriptomics, Nature Neuroscience (2016)",https://doi.org/10.1038/nn.4216,2016,no,,
saunders2018_dropseq_2,Mouse brain atlas (Saunders et al.),Drop-seq,,no,Mouse,Adult mouse brain,,,,GSE116470,https://ftp.ncbi.nlm.nih.gov/geo/series/GSE116nnn/GSE116470/suppl/GSE116470_metacells.BrainCellAtlas_Saunders_version_2018.04.01.csv.gz,,"Saunders et al., A Single-Cell Atlas of Cell Types, States, and Other Transcriptional Patterns from Nine Regions of the Adult Mouse Brain, NCBI Gene Expression Omnibus (2018)",https://doi.org/10.1101/299081,2018,no,,
kozareva2021_10x_chromium,Mouse cerebellar cortex (Kozareva et al.),10x Chromium (v3),,no,Mouse,Cerebellar cortex,,,,GSE165371,https://ftp.ncbi.nlm.nih.gov/geo/series/GSE165nnn/GSE165371/suppl/GSE165371_cb_processed_initial.tar.gz,,"Kozareva et al., A transcriptomic atlas of mouse cerebellar cortex reveals novel cell types, NCBI Gene Expression Omnibus (2021)",https://doi.org/10.1038/s41586-021-03220-z,2021,no,,
park2018_scrnaseq_2,Mouse kidney (Park et al.),scRNA-seq,,no,Mouse,Kidney,,,,GSE107585,https://ftp.ncbi.nlm.nih.gov/geo/series/GSE107nnn/GSE107585/suppl/GSE107585_Mouse_kidney_single_cell_datamatrix.txt.gz,,"Park et al., Comprehensive single cell RNAseq analysis of the kidney reveals novel cell types and unexpected cell plasticity, NCBI Gene Expression Omnibus (2018)",https://doi.org/10.1101/203125,2018,no,,
yao2021_10x_chromium,Mouse brain cortex (Yao et al.),10x Chromium,,no,Mouse,Brain cortex and hippocampal formation,,,,Allen Brain Atlas Mouse-whole-cortex-and-hippocampus-10x,,,"Yao et al., A taxonomy of transcriptomic cell types across the isocortex and hippocampal formation, Cell (2021)",https://doi.org/10.1101/2020.03.30.015214,2021,no,,
hela_cytoplasmic_quantitative,"HeLa cytoplasmic, nuclear, and nucleolar proteome turnover and localization dataset",Quantitative mass spectrometry and SILAC,,no,Human,HeLa cells,,,,http://www.lamondlab.com/turnover/,,,,,,yes,,original publication link unresolved (Crossref miss)
open_st_dataset_2024_illumina_nov,Open-ST dataset (Human head and neck squamous cell carcinoma metastatic lymph node tissue),Illumina NovaSeq 6000,,no,Human,metastatic lymph node tissue,,,,GSE251926,https://www.ncbi.nlm.nih.gov/geo/download/?acc=GSE251926&format=file,,Protocol for high-resolution 3D spatial transcriptomics using Open-ST,https://doi.org/10.1016/j.xpro.2024.103521,2024,yes,,
pal2021_scrnaseq,Normal breast tissue scRNA-seq dataset (N0233),scRNA-seq,,no,human,normal breast tissue,,,,,,,"Pal et al., A single-cell RNA expression atlas of normal, preneoplastic and tumorigenic states in the human breast, EMBO J (2021)",https://doi.org/10.3410/f.740061637.793591647,2021,no,,
scrnaseq_of_inte2022_scrnaseq,scRNAseq of intestinal epithelial cells,scRNA-seq,,no,mouse,colon,,,,https://www.ncbi.nlm.nih.gov/geo/query/acc.cgi?acc=GSE163638,https://www.ncbi.nlm.nih.gov/geo/download/?acc=GSE163638&format=file,,The spatial transcriptomic landscape of the healing mouse intestine following damage,https://doi.org/10.1038/s41467-022-28497-0,2022,yes,,
czarnewski2019_bulk_rnaseq,Mouse longitudinal DSS kinetics RNAseq,bulk RNA-seq,,no,mouse,colonic tissue,,,,https://www.ncbi.nlm.nih.gov/geo/query/acc.cgi?acc=GSE131032,https://www.ncbi.nlm.nih.gov/geo/download/?acc=GSE131032&format=file,,"Czarnewski et al., Conserved transcriptomic profile between mouse and human colitis allows unsupervised patient stratification, Nat. Commun. (2019)",https://doi.org/10.1038/s41467-019-10769-x,2019,no,,
fawknercorbett2021_scrnaseq,Human scRNAseq developing gut,scRNA-seq,,no,human,gut,,,,https://www.ncbi.nlm.nih.gov/geo/query/acc.cgi?acc=GSE158702,https://www.ncbi.nlm.nih.gov/geo/download/?acc=GSE158702&format=file,,"Fawkner-Corbett et al., Spatiotemporal analysis of human intestinal development at single-cell resolution, Cell (2021)",https://doi.org/10.1016/j.cell.2020.12.016,2021,no,,
micali2023_scrnaseq,Macaque fetal cortex scRNA-seq dataset,scRNA-seq,,no,Macaque,Telencephalon/Cortex,,,,http://resources.sestanlab.org/devmacaquebrain/,,,"Micali et al., Molecular programs of regional specification and neural stem cell fate progression in macaque telencephalon, Science (2023)",https://doi.org/10.1126/science.adf3786,2023,no,,
snrna_seq_datase2025_snrnaseq,snRNA-seq dataset of human liver,snRNA-seq,,no,Human,Liver,,,,GSE210077,https://www.ncbi.nlm.nih.gov/geo/download/?acc=GSE210077&format=file,,Spatial transcriptomics of healthy and fibrotic human liver at single-cell resolution,https://doi.org/10.1038/s41467-024-55325-4,2025,yes,,
schaum2018_singlecell_r,Tabula Muris public mouse spleen dataset,Single-cell RNA-seq (Drop-seq),,no,mouse,spleen,,,,,,,"Schaum et al., Single-cell transcriptomics of 20 mouse organs creates a Tabula Muris, Nature (2018)",https://doi.org/10.3410/f.734142569.793569389,2018,no,,
maitra2023_snrnaseq,MDD snRNA-seq atlas dataset,snRNA-seq,,no,human,dorsolateral prefrontal cortex,,,,https://www.nature.com/articles/s41467-023-38530-5,,,"Maitra et al., Cell type specific transcriptomic differences in depression show similar patterns between males and females but implicate distinct cell types and genes, Nat Commun (2023)",https://doi.org/10.1101/2022.09.23.509254,2023,no,,
hodge2019_snrnaseq,Hodge et al. snRNA-seq dataset,snRNA-seq,,no,human,cortex,,,,,,,"Hodge et al., Conserved cell types with divergent features in human versus mouse cortex, Nature (2019)",https://doi.org/10.3410/f.736463800.793571577,2019,no,,
he2017_bulk_rnaseq,He et al. bulk RNA-seq dataset,bulk RNA-seq,,no,human,neocortical layers,,,,,,,"He et al., Comprehensive transcriptome analysis of neocortical layers in humans, chimpanzees and macaques, Nat. Neurosci (2017)",https://doi.org/10.1038/nn.4548,2017,no,,
mathys2019_snrnaseq,Mathys et al. snRNA-seq dataset,snRNA-seq,,no,human,prefrontal cortex,,,,,,,"Mathys et al., Single-cell transcriptomic analysis of Alzheimer’s disease, Nature (2019)",https://doi.org/10.1177/13872877251378007,2019,no,,
velmeshev2019_snrnaseq,Velmeshev et al. snRNA-seq dataset,snRNA-seq,,no,human,prefrontal cortex and anterior cingulate cortex,,,,https://cells.ucsc.edu/,,,"Velmeshev et al., Single-cell genomics identifies cell type-specific molecular changes in autism, Science (2019)",https://doi.org/10.3410/f.735772329.793561440,2019,no,,
dlpfc_snrna_seq__10x_genomics,DLPFC snRNA-seq dataset,10x Genomics Chromium Single Cell Gene Expression V3,,no,human,dorsolateral prefrontal cortex,,,,,,,,,,yes,,original publication link unresolved (Crossref miss)
ge2020_scrnaseq,GSE131498,scRNA-seq,,no,mouse,dorsal skin,,,,https://www.ncbi.nlm.nih.gov/geo/query/acc.cgi?acc=GSE131498,https://ftp.ncbi.nlm.nih.gov/geo/series/GSE131nnn/GSE131498/suppl/GSE131498_scRNA_seq_skin.txt.gz,,"Ge et al., Single-cell Transcriptome Profiling reveals Dermal and Epithelial cell fate decisions during Embryonic Hair Follicle Development, Theranostics (2020)",https://doi.org/10.7150/thno.44306,2020,no,,"accession GSE131498 found in the original publication (sole accession in that paper), verified live"
han2018_scrnaseq,GSE108097,scRNA-seq,,no,mouse,various tissues,,,,,,,"Han et al., Mapping the Mouse Cell Atlas by Microwell-Seq, Cell (2018)",https://doi.org/10.3410/f.732738621.793547161,2018,no,,
smalley2021_scrnaseq,Human melanoma single-cell RNA-seq dataset,scRNA-seq,,no,Human,Metastatic melanoma,,,,GSE174401,https://ftp.ncbi.nlm.nih.gov/geo/series/GSE174nnn/GSE174401/suppl/GSE174401_filtered_feature_bc_matrix.h5,,"Smalley et al., Single-cell characterization of the immune microenvironment of melanoma brain and leptomeningeal metastases, Clin. Cancer Res. (2021)",https://doi.org/10.1158/1078-0432.c.6530586,2021,no,,
zhang2023_scrnaseq,AMP RA phase II database,scRNA-seq,,no,human,synovial membrane,,,,,,,"Zhang et al., Deconstruction of rheumatoid arthritis synovium defines inflammatory subtypes, Nature (2023)",,2023,no,,original publication link unresolved (Crossref miss)
scrna_seq_datase2024_10x_scrnaseq,scRNA-seq dataset,10X scRNA-seq,,no,mouse,brain (hippocampus),,,,GSE274058,https://www.ncbi.nlm.nih.gov/geo/download/?acc=GSE274058&format=file,,Spatial Perturb-Seq: Single-Cell Functional Genomics within Intact Tissue Architecture,https://doi.org/10.1101/2024.12.19.628843,2024,yes,,
tiva_isolated_si2014_illumina_100,TIVA-isolated single neuron transcriptome data (mouse dispersed cells and live tissue/hippocampal slices) and human brain single cell TIVA data,Illumina 1000 sequencing (RNA-seq),,no,Mouse and human,"Brain (mouse dispersed brain cells, mouse acute hippocampal slices, and human surgically resected frontal cortex tissue)",,,,GSE52525,https://www.ncbi.nlm.nih.gov/geo/download/?acc=GSE52525&format=file,,Transcriptome In Vivo Analysis (TIVA) of spatially defined single cells in intact live mouse and human brain tissue,https://doi.org/10.1038/nmeth.2804,2014,yes,,
10x_genomics_cri2021_10x_genomics,10x Genomics CRISPRa screen dataset,10x Genomics scRNA-seq,,no,Mouse,Mouse embryonic stem cells,,,,GSE135621,https://www.ncbi.nlm.nih.gov/geo/download/?acc=GSE135621&format=file,,Pooled CRISPR-activation screening coupled with single-cell RNA-seq in mouse embryonic stem cells,https://doi.org/10.1016/j.xpro.2021.100426,2021,yes,,
ghandi2019_rnaseq,Cancer Cell Line Encyclopedia (CCLE) bulk RNA-seq,RNA-seq,,no,Human,Cell lines,,,,,,,"Ghandi et al., Next-generation characterization of the cancer cell line encyclopedia, Nature (2019)",https://doi.org/10.3410/f.735709859.793560036,2019,no,,
the2013_rnaseq,TCGA bulk RNA-seq,RNA-seq,,no,Human,"Tumor types (colon, rectal, lung)",,,,,,,"The Cancer Genome Atlas Research Network et al., The Cancer Genome Atlas Pan-Cancer analysis project, Nat Genet (2013)",https://doi.org/10.1038/ng.2764,2013,no,,
image_seq_10x_sc2022_10x_genomics,Image-seq 10x scRNA-seq and SMARTseq-v4 datasets,10x Genomics Chromium and SMARTseq-v4,,no,mouse,bone marrow,,,,GSE188902,https://www.ncbi.nlm.nih.gov/geo/download/?acc=GSE188902&format=file,,Image-seq: spatially resolved single-cell sequencing guided by in situ and in vivo imaging,https://doi.org/10.1038/s41592-022-01673-2,2022,yes,,
craave_seq_in_vi2025_craaveseq_aa,"CrAAVe-seq in vivo pooled CRISPR screening datasets (M1, M3, and Chaperone libraries)",CrAAVe-seq (AAV episome sequencing / Illumina sequencing),,no,Mouse,Brain,,,,10.5061/dryad.0k6djhb9t,,,CRISPR screening by AAV episome-sequencing (CrAAVe-seq): a scalable cell-type-specific in vivo platform uncovers neuronal essential genes,https://doi.org/10.1038/s41593-025-02043-9,2025,yes,,
chen2017_scrnaseq,Hypothalamus scRNA-seq dataset,scRNA-seq,,no,mouse,hypothalamus,,,,,,,"Chen et al., Single-cell RNA-seq reveals hypothalamic cell iversity, Cell Rep. (2017)",https://doi.org/10.1016/j.celrep.2017.03.004,2017,no,,
stewart2019_scrnaseq,Human kidney scRNA-seq dataset,scRNA-seq,,no,human,kidney,,,,,,,"Stewart et al., Spatiotemporal immune zonation of the human kidney, Science (2019)",,2019,no,,original publication link unresolved (Crossref miss)
medaglia2017_photoactivat,Immune niches dataset,photoactivatable reporters and scRNA-seq,,no,,,,,,,,,"Medaglia et al., Spatial reconstruction of immune niches by combining photoactivatable reporters and scRNA-seq, Science (2017)",https://doi.org/10.3410/f.732248624.793541129,2017,no,,
10x_chromium_scr2024_10x_chromium,10X Chromium scRNA-seq dataset,10X Chromium,,no,mouse,cortex,,,,PRJNA952594,,,Integrating single-cell and spatially resolved transcriptomic strategies to survey the astrocyte response to stroke in male mice,https://doi.org/10.1038/s41467-024-45821-y,2024,yes,,
stoeckius2017_citeseq,CITE-seq immune cell data,CITE-seq,,no,,immune subpopulations,,,,,,,"Stoeckius et al., Simultaneous epitope and transcriptome measurement in single cells, Nat Methods (2017)",,2017,no,,original publication link unresolved (Crossref miss)
small_rna_sequen2022_hiseq2500,Small RNA-sequencing of regenerating mouse hindlimb muscle and Type 1-Lang reovirus-infected mouse heart,HiSeq2500,,no,mouse,tibialis anterior skeletal muscle and heart,,notexin injection injury,,GSE200480,https://www.ncbi.nlm.nih.gov/geo/download/?acc=GSE200480&format=file,,Spatial mapping of the total transcriptome by in situ polyadenylation,https://doi.org/10.1038/s41587-022-01517-6,2022,yes,,
wu2021_scrnaseq,Human breast cancer scRNA-seq data,scRNA-seq,,no,Human,Breast tissue,,,,GSE176078,https://www.ncbi.nlm.nih.gov/geo/download/?acc=GSE176078&format=file,,"Wu et al., A single-cell and spatially resolved atlas of human breast cancers, Nat. Genet. (2021)",,2021,no,,original publication link unresolved (Crossref miss)
tuong2021_scrnaseq,Human prostate cancer scRNA-seq data,scRNA-seq,,no,Human,Prostate tissue,,,,,,,"Tuong et al., Resolving the immune landscape of human prostate at a single-cell level in health and cancer, Cell Rep. (2021)",,2021,no,,original publication link unresolved (Crossref miss)
zhang2022_scrnaseq,Human ovarian cancer scRNA-seq data,scRNA-seq,,no,Human,Ovarian cancer tissue,,,,GSE165897,https://ftp.ncbi.nlm.nih.gov/geo/series/GSE165nnn/GSE165897/suppl/GSE165897_UMIcounts_HGSOC.tsv.gz,,"Zhang et al., Longitudinal single-cell RNA-seq analysis reveals stress-promoted chemoresistance in metastatic ovarian cancer, Sci. Adv. (2022)",,2022,no,,original publication link unresolved (Crossref miss)
nowotschin2019_10x_genomics,Gut tube scRNA-seq dataset,10x Genomics scRNA-seq,,no,mouse,gut endoderm / gut tube,,,,https://endoderm-explorer.com/,,,"Nowotschin et al., The emergent landscape of the mouse gut endoderm at single-cell resolution, Nature (2019)",,2019,no,,original publication link unresolved (Crossref miss)
han2020_scrnaseq_2,E8.5 splanchnic mesoderm dataset,scRNA-seq,,no,mouse,splanchnic mesoderm,,,,,,,"Han et al., Single cell transcriptomics identifies a signaling network coordinating endoderm and mesoderm diversification during foregut organogenesis, Nat. Commun. (2020)",,2020,no,,original publication link unresolved (Crossref miss)
adams2020_scrnaseq,scRNA-seq dataset (GSE128169),scRNA-seq,,no,human,lung,,,,GSE128169,https://www.ncbi.nlm.nih.gov/geo/download/?acc=GSE128169&format=file,,"Adams et al., Single-cell RNA-seq reveals ectopic and aberrant lung-resident cell populations in idiopathic pulmonary fibrosis, Sci. Adv. (2020)",,2020,no,,also: GSE136831; original publication link unresolved (Crossref miss)
morse2019_scrnaseq,scRNA-seq dataset (GSE128033),scRNA-seq,,no,human,lung,,,,GSE128033,https://www.ncbi.nlm.nih.gov/geo/download/?acc=GSE128033&format=file,,"Morse et al., Proliferating SPP1/MERTK-expressing macrophages in idiopathic pulmonary fibrosis, Eur. Respir. J. (2019)",https://doi.org/10.1183/13993003.02441-2018,2019,no,,
habermann2020_scrnaseq,scRNA-seq dataset (GSE135893),scRNA-seq,,no,human,lung,,,,GSE135893,https://ftp.ncbi.nlm.nih.gov/geo/series/GSE135nnn/GSE135893/suppl/GSE135893_ILD_annotated_fullsize.rds.gz,,"Habermann et al., Single-cell RNA sequencing reveals profibrotic roles of distinct epithelial and mesenchymal lineages in pulmonary fibrosis, Sci. Adv. (2020)",,2020,no,,original publication link unresolved (Crossref miss)
reyfman2018_scrnaseq,scRNA-seq dataset (GSE122960),scRNA-seq,,no,human,lung,,,,GSE122960,https://www.ncbi.nlm.nih.gov/geo/download/?acc=GSE122960&format=file,,"Reyfman et al., Single-cell transcriptomic analysis of human lung provides insights into the pathobiology of pulmonary fibrosis, Am. J. Respir. Crit. Care Med. (2018)",,2018,no,,original publication link unresolved (Crossref miss)
bharat2020_scrnaseq,scRNA-seq dataset (GSE158127),scRNA-seq,,no,human,lung,,,,GSE158127,https://www.ncbi.nlm.nih.gov/geo/download/?acc=GSE158127&format=file,,"Bharat et al., Lung transplantation for patients with severe COVID-19, Sci. Transl. Med. (2020)",,2020,no,,original publication link unresolved (Crossref miss)
zhong2020_scrnaseq,scRNAseq dataset (bone- and marrow-derived cells / Zhong et al.),scRNAseq,,no,mouse,bone marrow,,,,GSE145477,https://www.ncbi.nlm.nih.gov/geo/download/?acc=GSE145477&format=file,,"Zhong et al., Single cell transcriptomics identifies a unique adipose lineage cell population that regulates bone marrow environment, Elife (2020)",https://doi.org/10.7554/elife.54695.sa1,2020,no,,
baryawno2019_scrnaseq,scRNAseq dataset (bone marrow stroma / Baryawno et al.),scRNAseq,,no,mouse,bone marrow,,,,GSE128423,https://www.ncbi.nlm.nih.gov/geo/download/?acc=GSE128423&format=file,,"Baryawno et al., A cellular taxonomy of the bone marrow stroma in homeostasis and leukemia, Cell (2019)",https://doi.org/10.3410/f.735810574.793562352,2019,no,,
pbhl_seq_mouse_e2024_illumina_his,PBHL-seq mouse embryonic retinal pigment epithelial (RPE) dataset,Illumina HiSeq 1500,,no,mouse,E14.5 embryo (OCT-embedded),,,,GSE268148,https://www.ncbi.nlm.nih.gov/geo/download/?acc=GSE268148&format=file,,Large field of view and spatial region of interest transcriptomics in fixed tissue,https://doi.org/10.1038/s42003-024-06694-5,2024,yes,,
gse2505232025_illumina_nov,GSE250523,Illumina NovaSeq 6000,,no,Human,Bladder Ewing sarcoma,,,,GSE250523,https://www.ncbi.nlm.nih.gov/geo/download/?acc=GSE250523&format=file,,Protocol for single-cell RNA sequencing and spatial transcriptomics of bladder Ewing sarcoma,https://doi.org/10.1016/j.xpro.2025.103687,2025,yes,,
photon_granulosa2024_illumina,PHOTON Granulosa Cell Transcriptome Dataset,Illumina,,no,mouse,ovary,,,,PRJNA1152621,,,Subcellular Level Spatial Transcriptomics with PHOTON,https://doi.org/10.1101/2024.09.10.612328,2024,yes,,
mouse_snrna_seq_2025_10_flex_scrn,Mouse snRNA-seq raw and analyzed data,10× FLEX scRNA-seq,,no,Mouse,Brain,,,,GSE284468,https://www.ncbi.nlm.nih.gov/geo/download/?acc=GSE284468&format=file,,Protocol to evaluate mouse brain spatial cell type-resolved transcriptomic discoveries using 10× Visium spatial transcriptomics and FLEX scRNA-seq,https://doi.org/10.1016/j.xpro.2025.104277,2025,yes,,
kirita2020_snrnaseq,Mouse AKI snRNA-seq Dataset,snRNA-seq,,no,Mouse,Kidney,,,,GSE139107,https://ftp.ncbi.nlm.nih.gov/geo/series/GSE139nnn/GSE139107/suppl/GSE139107_MouseIRI_control.dge.txt.gz,,"Kirita et al., Cell profiling of mouse acute kidney injury reveals conserved cellular responses to injury, Proc. Natl. Acad. Sci. (2020)",https://doi.org/10.1073/pnas.2005477117,2020,no,,
nowotschin2019_scrnaseq_and,mouse gut endoderm dataset,scRNA-seq and ISH,,no,mouse,gut endoderm,,,,,,,"Nowotschin et al., The emergent landscape of the mouse gut endoderm at single-cell resolution, Nature (2019)",,2019,no,,original publication link unresolved (Crossref miss)
photon_hela_cell2025_illumina_pla,PHOTON HeLa cell and MEF stress granule transcriptome datasets,Illumina platform,,no,mouse,ovary,,,,,,,Subcellular level spatial transcriptomics with PHOTON,https://doi.org/10.1038/s41467-025-59801-3,2025,yes,,
qiu2021_scrnaseq_2,scRNA-seq data,scRNA-seq,,no,Human,Femoral head,,,,GSE169396,https://www.ncbi.nlm.nih.gov/geo/download/?acc=GSE169396&format=file,,"Qiu et al., Single-cell RNA sequencing of human femoral head in vivo, Aging (Albany NY) (2021)",,2021,no,,original publication link unresolved (Crossref miss)
hydractinia_sing2025_10x_genomics,Hydractinia single-cell atlas dataset (integrated live-cell and fixed-cell data),10X Genomics platform (Illumina NovaSeq6000),,no,Hydractinia symbiolongicarpus,feeding polyps and stolon tissue,,,,GCA_030121725.1,,,An updated and spatially validated somatic single-cell atlas of  Hydractinia symbiolongicarpus,https://doi.org/10.1186/s12864-025-12201-9,2025,yes,,
independent_adul2021_10x_genomics,Independent adult lumbar spinal cord single-nucleus dataset (generated in this study),10x Genomics Chromium Single Cell 3' Kit (v3),,no,mouse,lumbar spinal cord,,,,GSE158380,https://ftp.ncbi.nlm.nih.gov/geo/series/GSE158nnn/GSE158380/suppl/GSE158380_features.updated-11-22-2022.csv.gz,,A harmonized atlas of mouse spinal cord cell types and their spatial organization,https://doi.org/10.1038/s41467-021-25125-1,2021,yes,,
sathyamurthy2018_dropseq,Sathyamurthy dataset,DropSeq,,no,mouse,postnatal mouse spinal cord,,,,GSE103892,https://ftp.ncbi.nlm.nih.gov/geo/series/GSE103nnn/GSE103892/suppl/GSE103892_Sample_Cell_Cluster_Information.txt.gz,,"Sathyamurthy et al., Massively parallel single nucleus transcriptional profiling defines spinal cord neurons and their activity during behavior, Cell Rep. (2018)",https://doi.org/10.1016/j.celrep.2018.02.003,2018,no,,
nelson2023_snrnaseq,Mouse Hippocampus ECS snRNA-seq dataset,snRNA-seq,,no,Mouse,Hippocampus,,,,https://github.com/Erik-D-Nelson/ARG_HPC_snRNAseq/blob/main/processed_data/sce_subset.rda.xz,,,"Nelson et al., Activity-regulated gene expression across cell types of the mouse hippocampus, Hippocampus (2023)",https://doi.org/10.1002/hipo.23548,2023,no,,
nelson2023_10x_genomics,Mouse electroconvulsive stimulation (ECS) snRNA-seq dataset,10x Genomics Chromium single-cell RNA-seq,,no,mouse,hippocampus,,,,https://github.com/Erik-D-Nelson/ARG_HPC_snRNAseq/blob/main/processed_data/sce_subset.rda.xz,,,"Nelson et al., Activity-regulated gene expression across cell types of the mouse hippocampus, Hippocampus (2023)",https://doi.org/10.1002/hipo.23548,2023,no,,
bulk_rna_seq_of_2025_illumina_mis,Bulk RNA-seq of distal colon,Illumina MiSeq,,no,mouse,distal colon,,,,GSE297799,https://www.ncbi.nlm.nih.gov/geo/download/?acc=GSE297799&format=file,,"An image-based transcriptomics atlas reveals the regional and microbiota-dependent molecular, cellular, and spatial structure of the murine gut",https://doi.org/10.1101/2025.07.21.665958,2025,yes,,
haber2017_scrnaseq,Haber 2017 small intestinal epithelium scRNA-seq,scRNA-seq,,no,mouse,small intestine epithelium,,,,,,,"Haber et al., A single-cell survey of the small intestinal epithelium, Nature (2017)",,2017,no,,original publication link unresolved (Crossref miss)
wang2023_scrnaseq,Wang 2023 intestinal immune cells scRNA-seq,scRNA-seq,,no,mouse,intestine,,,,https://www.ncbi.nlm.nih.gov/geo/query/acc.cgi?acc=GSE221006,https://ftp.ncbi.nlm.nih.gov/geo/series/GSE221nnn/GSE221006/suppl/GSE221006_4samples_features.tsv.gz,,"Wang et al., Intestinal cell type-specific communication networks underlie homeostasis and response to Western diet, J. Exp. Med. (2023)",https://doi.org/10.1084/jem.20221437,2023,no,,"accession GSE221006 found in the original publication (sole accession in that paper), verified live"
prregaard2023_scrnaseq,Paerregaard 2023 intestinal fibroblasts scRNA-seq,scRNA-seq,,no,mouse,small and large intestine,,,,,,,"Pærregaard et al., The small and large intestine contain related mesenchymal subsets that derive from embryonic Gli1+ precursors, Nat. Commun. (2023)",https://doi.org/10.1038/s41467-023-37952-5,2023,no,,
drokhlyansky2020_scrnaseq,Drokhlyansky 2020 enteric nervous system single-cell data,scRNA-seq,,no,human and mouse,entero-endocrine/enteric nervous system,,,,,,,"Drokhlyansky et al., The Human and Mouse Enteric Nervous System at Single-Cell Resolution, Cell (2020)",,2020,no,,original publication link unresolved (Crossref miss)
kalucka2020_scrnaseq,Kalucka 2020 endothelial cells scRNA-seq,scRNA-seq,,no,mouse,endothelial cells,,,,,,,"Kalucka et al., Single-Cell Transcriptome Atlas of Murine Endothelial Cells, Cell (2020)",,2020,no,,original publication link unresolved (Crossref miss)
gehart2019_scrnaseq,Gehart 2019 ileal EECs scRNA-seq,scRNA-seq,,no,mouse,ileal epithelium,,,,,,,"Gehart et al., Identification of Enteroendocrine Regulators by Real-Time Single-Cell Differentiation Mapping, Cell (2019)",https://doi.org/10.3410/f.734954432.793569044,2019,no,,
sangaram2024_scrnaseq,Mouse Kidney scRNA-seq reference,scRNA-seq,,no,mouse,kidney,,,,,,,"Sang-aram et al., Spotless, a reproducible pipeline for benchmarking cell type deconvolution in spatial transcriptomics, eLife (2024)",https://doi.org/10.7554/elife.88431.3.sa1,2024,no,,
klepikova2016_rnaseq,Bulk RNA-seq developmental transcriptome,RNA-seq,,no,Arabidopsis thaliana,Developmental stages/mature floral organs,,,,PRJNA314076,,,"Klepikova et al., A high resolution map of the Arabidopsis thaliana developmental transcriptome based on RNA-seq profiling, Plant J. (2016)",https://doi.org/10.3410/f.726666866.793559922,2016,no,,
tian2019_rnaseq,Domain-specific shoot apical meristem bulk RNA-seq,RNA-seq,,no,Arabidopsis thaliana,Shoot domains / shoot apical meristem,,,,PRJNA471232,,,"Tian et al., A gene expression map of shoot domains reveals regulatory mechanisms, Nat. Commun. (2019)",https://doi.org/10.1038/s41467-018-08083-z,2019,no,,
shi2021_rnaseq,Tissue-specific transcriptome profiling of inflorescence stem,RNA-seq,,no,Arabidopsis thaliana,Inflorescence stem / vascular tissues,,,,PRJNA595605,,,"Shi et al., Tissue-specific transcriptome profiling of the Arabidopsis inflorescence stem reveals local cellular signatures, Plant Cell (2021)",https://doi.org/10.1093/plcell/koaa019,2021,no,,
stage_3_and_stag2022_10x_chromium,Stage 3 and Stage 4 floral meristem snRNA-seq,10x Chromium Single Cell 3' Reagent Kits v3,,no,Arabidopsis thaliana,Floral meristems,,,,,,,A 3D gene expression atlas of the floral meristem based on spatial reconstruction of single nucleus RNA sequencing data,https://doi.org/10.1038/s41467-022-30177-y,2022,yes,,
ap3_and_ag_domai2022_smartseq_v4,AP3- and AG-domain FANS RNA-seq,SMART-Seq v4 Ultra Low Input RNA Kit,,no,Arabidopsis thaliana,AP3 and AG expression domains in floral meristems,,,,,,,A 3D gene expression atlas of the floral meristem based on spatial reconstruction of single nucleus RNA sequencing data,https://doi.org/10.1038/s41467-022-30177-y,2022,yes,,
single_cell_rna_2025_10x_genomics,Single-cell RNA sequencing atlas of mouse cranial neural plate,10X Genomics Chromium V3 / NovaSeq 6000,,no,Mouse,Cranial region / cranial neural plate,,,,GSE273804,https://www.ncbi.nlm.nih.gov/geo/download/?acc=GSE273804&format=file,,A single-cell atlas of spatial and temporal gene expression in the mouse cranial neural plate,https://doi.org/10.7554/eLife.102819,2025,yes,,
scrna_seq_atlas_2025_10x_genomics,scRNA-seq atlas of mouse cranial neural plate and SAG-treated embryos,10X Genomics Chromium V3 / NovaSeq 6000,,no,mouse,cranial region / cranial neural plate,,,,GSE273804,https://www.ncbi.nlm.nih.gov/geo/download/?acc=GSE273804&format=file,,A single-cell atlas of spatial and temporal gene expression in the mouse cranial neural plate,https://doi.org/10.1101/2024.08.25.609458,2025,yes,,
single_nuclei_du2024_10x_chromium,Single-nuclei dual-omic human developing retina atlas,10X Chromium sn-dual-omic ATAC + Gene Expression,,no,human,macula and peripheral retina,,,,,,,Single cell dual-omic atlas of the human developing retina,https://doi.org/10.1038/s41467-024-50853-5,2024,yes,,
mirnatissueatlas2022_bgiseq500rs,miRNATissueAtlas2 Human tissue samples,BGISEQ-500RS,,no,Homo sapiens,21 organ types comprising 188 tissue samples,,,,GSE163534,https://ftp.ncbi.nlm.nih.gov/geo/series/GSE163nnn/GSE163534/suppl/GSE163534_sncRNA_counts_mouse_rpmm.txt.gz,,miRNATissueAtlas2: an update to the human miRNA tissue atlas,https://doi.org/10.1093/nar/gkab808,2022,yes,,
duck_50_tissue_t2025_illumina_pol,Duck 50-Tissue Transcriptome Atlas,Illumina (Poly(A) RNA-seq),,no,Duck (Anas platyrhynchos / Nonghua Ma duck),50 distinct tissues covering major physiological systems,,,,PRJCA053183,,,A 50-tissue transcriptome atlas of the duck for gene network and functional analysis,https://doi.org/10.1016/j.psj.2025.106269,2025,yes,,
polioudakis2019_scrnaseq,Human neocortex scRNA-seq dataset,scRNA-seq,,no,Human,Neocortex,,,,http://solo.bmap.ucla.edu/shiny/webapp/,,,"Polioudakis et al., A Single-Cell Transcriptomic Atlas of Human Neocortical Development during Mid-gestation, Neuron (2019)",https://doi.org/10.1016/j.neuron.2019.06.011,2019,no,,
shi2021_scrnaseq,Ganglionic eminence scRNA-seq dataset,scRNA-seq,,no,Human and Mouse,Ganglionic eminence,,,,https://ftp.ncbi.nlm.nih.gov/geo/ (or reference source),,,"Shi et al., Mouse and human share conserved transcriptional programs for interneuron development, Science (2021)",https://doi.org/10.1126/science.abj6641,2021,no,,
haber2017_scrnaseq_2,Haber 2017 scRNA-seq,scRNA-seq,,no,Mouse,Small intestinal epithelium,,,,GSE103345,,,"Haber et al., A single-cell survey of the small intestinal epithelium, Nature (2017)",,2017,no,,original publication link unresolved (Crossref miss)
drokhlyansky2020_scrnaseq_2,Drokhlyansky 2020 scRNA-seq,scRNA-seq,,no,Mouse and human,Enteric nervous system (colon),,,,,,,"Drokhlyansky et al., The Human and Mouse Enteric Nervous System at Single-Cell Resolution, Cell (2020)",,2020,no,,original publication link unresolved (Crossref miss)
kalucka2020_scrnaseq_2,Kalucka 2020 scRNA-seq,scRNA-seq,,no,Mouse,Endothelial cells,,,,,,,"Kalucka et al., Single-Cell Transcriptome Atlas of Murine Endothelial Cells, Cell (2020)",,2020,no,,original publication link unresolved (Crossref miss)
mouse_brain_scrn2025_scrnaseq,Mouse brain scRNA-seq reference (abundance invariance test),scRNA-seq,,no,mouse,brain,,,,,,,"FlashDeconv enables atlas-scale, multi-resolution spatial deconvolution via structure-preserving sketching",https://doi.org/10.64898/2025.12.22.696108,2025,yes,,
wenger2013_illumina_and,Hydra vulgaris RNA-Seq transcriptome,Illumina and 454 reads,,no,Hydra vulgaris,,,,,HAAC01000001-HAAC01045269,,,"Wenger et al., Rnaseq versus genome-predicted transcriptomes: A large population of novel transcripts identified in an illumina-454 hydra transcriptome, BMC Genomics (2013)",https://doi.org/10.1186/1471-2164-14-204,2013,no,,
human_embryonic_2016_illumina_his,Human embryonic organogenesis transcriptomes,Illumina HiSeq2000 or HiSeq2500,,no,human,"15 embryonic tissues and organs (brain, retinal pigmented epithelium, palate, thyroid/parathyroid, lung, stomach, pancreas, liver, tongue, heart/left ventricle, testis, adrenal, kidney, upper limb, lower limb)",,,,E-MTAB-3928,,,An integrative transcriptomic atlas of organogenesis in human embryos,https://doi.org/10.7554/eLife.15657.024,2016,yes,,
cebola2015_rnaseq,Human embryonic pancreatic progenitor RNA-seq,RNA-seq,,no,human,pancreas,,,,E-MTAB-3061,,,"Cebola et al., TEAD and YAP regulate the enhancer network of human embryonic pancreatic progenitors, Nature Cell Biology (2015)",https://doi.org/10.1038/ncb3160,2015,no,,
du2014_rnaseq,Hepatocyte differentiation RNA-seq,RNA-seq,,no,human,hepatocytes and human embryonic fibroblasts,,,,GSE54066,https://ftp.ncbi.nlm.nih.gov/geo/series/GSE54nnn/GSE54066/suppl/GSE54066_2014.1.9_processing_data.txt.gz,,"Du et al., Human hepatocytes with drug metabolic function induced from fibroblasts by lineage reprogramming, Cell Stem Cell (2014)",https://doi.org/10.3410/f.718293835.793492173,2014,no,,
ximerakis2019_scrnaseq,Single-cell RNA-seq aging mouse whole-brain dataset,scRNA-seq,,no,mouse,brain,,,,https://portals.broadinstitute.org/single_cell/study/aging-mouse-brain,,,"Ximerakis et al., Single-cell transcriptomic profiling of the aging mouse brain, Nat. Neurosci. (2019)",,2019,no,,original publication link unresolved (Crossref miss)
dulken2017_scrnaseq,Single-cell RNA-seq subventricular zone across lifespan dataset,scRNA-seq,,no,mouse,brain,,,,https://doi.org/10.5281/zenodo.7145398,https://zenodo.org/api/records/7145399/files/Dulken_svz_celltypes_2019-01-31.rda/content,,"Dulken et al., Single-cell transcriptomic analysis defines heterogeneity and transcriptional dynamics in the adult neural stem cell lineage, Cell Rep. (2017)",https://doi.org/10.3410/f.727218513.793542750,2017,no,,
liu2023_scrnaseq,Single-cell RNA-seq dataset on exercise in the subventricular zone,scRNA-seq,,no,mouse,brain,,,,https://doi.org/10.5281/zenodo.7338745,https://zenodo.org/api/records/7338746/files/seurat.SVZ.annotated.2020-04-27.rds/content,,"Liu et al., Exercise reprograms the inflammatory landscape of multiple stem cell compartments during mammalian aging, Cell Stem Cell (2023)",https://doi.org/10.1016/j.stem.2023.03.016,2023,no,,
xu2024_scrnaseq,Single-cell RNA-seq dataset on partial reprogramming in the subventricular zone,scRNA-seq,,no,mouse,brain,,,,GSE224438,https://www.ncbi.nlm.nih.gov/geo/download/?acc=GSE224438&format=file,,"Xu et al., Restoration of neuronal progenitors by partial reprogramming in the aged neurogenic niche, Nat. Aging (2024)",https://doi.org/10.1038/s43587-024-00594-3,2024,no,,
cacao_transcript2024_quantseq_3_l,"Cacao Transcriptome Atlas (Developmental, Drought and Diurnal, Meristem, Seed, Leaf Development, and Leaf Infection Atlases)",QuantSeq 3' (Lexogen) and TruSeq (Illumina),,no,Theobroma cacao L.,"123 different tissues and stages of development across major organs (seeds, meristems, leaves, stems, roots, fruits, flowers)",,,,10.5061/dryad.0k6djhb59,,,The cacao gene atlas: a transcriptome developmental atlas reveals highly tissue-specific and dynamically-regulated gene networks in  Theobroma cacao  L,https://doi.org/10.1186/s12870-024-05171-9,2024,yes,,
rna_seq_and_quan2019_rnaseq_and_l,RNA-Seq and Quantitative Proteome Atlas,RNA-Seq and Liquid chromatography-tandem mass spectrometry (LC-MS/MS),,no,Human,"29 healthy human tissues (adrenal gland, appendix, brain, colon, duodenum, endometrium, esophagus, fallopian tube, fat, gallbladder, heart, kidney, liver, lung, lymph node, ovary, pancreas, placenta, prostate, rectum, salivary gland, small intestine, smooth muscle, spleen, stomach, testis, thyroid, tonsil, urinary bladder)",,,,E-MTAB-2836,,,A deep proteome and transcriptome abundance atlas of 29 healthy human tissues,https://doi.org/10.15252/msb.20188503,2019,yes,,
proteomics_ms_da2019_liquid_chrom,Proteomics MS data,Liquid chromatography-tandem mass spectrometry (LC-MS/MS),,no,Human,"29 healthy human tissues (adrenal gland, appendix, brain, colon, duodenum, endometrium, esophagus, fallopian tube, fat, gallbladder, heart, kidney, liver, lung, lymph node, ovary, pancreas, placenta, prostate, rectum, salivary gland, small intestine, smooth muscle, spleen, stomach, testis, thyroid, tonsil, urinary bladder)",,,,PXD010154,,,A deep proteome and transcriptome abundance atlas of 29 healthy human tissues,https://doi.org/10.15252/msb.20188503,2019,yes,,
