dataset_id,tissue,species,original_publication,year,pride,bioimage_archive,instruments,n_files,gb,n_raw,file_categories,has_protein_table,protein_table_examples,has_images_on_pride,has_contours_on_pride,contour_examples,has_bioimage_archive
human_tonsil_and_iss,tonsil and skin,human,"Nordmann et al., A standardized and reproducible workflow for membrane glass slides in routine histology and spatial pro",2023,PXD040281,,timsTOF Pro 2; timsTOF SCP,8,275.6,2,"{""RAW"": 2, ""SEARCH"": 4, ""OTHER"": 1, ""EXPERIMENTAL DESIGN"": 1}",True,Bulk_MaxQuant_proteinGroups.txt; DVP_DIANN_report.pg_matrix.tsv,False,False,,False
macsima_imaging_2025_st,Tonsil cancer,Human,"Zheng et al., Deciphering functional tumor-immune crosstalk through highly multiplexed imaging and deep visual proteomic",2025,PXD057118,S-BIAD1116,Orbitrap Astral; timsTOF SCP,19,713.8,6,"{""SEARCH"": 11, ""RAW"": 6, ""OTHER"": 1, ""EXPERIMENTAL DESIGN"": 1}",True,Tonsil_Cancer_pg_matrix_Cytotoxic_T_Cells.txt; Tonsil_Cancer_pg_matrix_Plasma_Cells.txt; Tonsil_Cancer_pg_matrix_Tumor_Cells.txt,False,False,,True
rosenberger2023_st,liver,mouse,"Rosenberger et al., Spatial single-cell mass spectrometry defines zonation of the hepatocyte proteome, Nat. Methods (202",2023,PXD038699,S-BIAD596,Bruker Daltonics timsTOF series; timsTOF SCP,10,1650.9,5,"{""SEARCH"": 2, ""RAW"": 5, ""OTHER"": 2, ""EXPERIMENTAL DESIGN"": 1}",True,proteintable_5shapes.tsv; proteintable_scDVP.tsv,False,True,proteintable_5shapes.tsv,True
colorectal_adeno_st,Colorectal adenoma (FFPE tissue),Human,"Kabatnik et al., Spatial characterization and stratification of colorectal adenomas by deep visual proteomics, iScience ",2024,PXD046999,,timsTOF SCP,35,1685.8,18,"{""SEARCH"": 14, ""EXPERIMENTAL DESIGN"": 2, ""RAW"": 18, ""OTHER"": 1}",True,C_HDA_NMN-study_class4_MBR.pg_matrix.tsv; CRA_revision_timstofultra_specificcohort_DIANN181_libraryfree.pg_matrix.tsv; Bulk-CRA-tissue-diaPASEF_DIANN181_MBR_10ng.pg_matrix.tsv,False,False,,False
deep_visual_prot2025_mass_spectro,Fallopian tube and omentum,Human,Integration of cell-type resolved spatial proteomics and transcriptomics reveals novel mechanisms in early ovarian cance,2025,PXD062349,,Orbitrap Astral,2,2.8,1,"{""RAW"": 1, ""SEARCH"": 1}",False,,False,False,,False
mdia_dvp2023_dvp,primary cutaneous melanoma,human,Robust dimethyl‐based multiplex‐DIA doubles single‐cell proteome depth via a reference channel,2023,PXD038632,,Bruker Daltonics timsTOF series; Orbitrap Exploris 480; timsTOF SCP,35,3006.4,14,"{""RAW"": 14, ""SEARCH"": 15, ""OTHER"": 5, ""EXPERIMENTAL DESIGN"": 1}",False,,False,False,,False
deep_visual_prot2025_dvp,"bladder, prostate, seminal vesicle, and lymph node",human,Deep visual proteomics reveals DNA replication stress as a hallmark of signet ring cell carcinoma,2025,PXD053079,,Orbitrap Astral,11,141.9,3,"{""SEARCH"": 6, ""RAW"": 3, ""OTHER"": 1, ""EXPERIMENTAL DESIGN"": 1}",True,SRCC-500_orbiastral_converted_DIANN_mbr.pg_matrix.tsv; SRCC-100_orbiastral_converted_DIANN_mbr.pg_matrix.tsv; SRCC-250_orbiastral_converted_DIANN_mbr.pg_matrix.tsv,False,True,SRCC_500shapes_OrbitrapAstral_raw.zip; SRCC_250shapes_OrbitrapAstral_raw.zip,False
deep_visual_prot2025_deep_visual,liver,human,Deep Visual Proteomics maps proteotoxicity in a genetic liver disease,2025,PXD054440,S-BIAD1523,Orbitrap Astral,9,1023.8,2,"{""SEARCH"": 1, ""RAW"": 2, ""OTHER"": 4, ""FASTA"": 1, ""EXPERIMENTAL DESIGN"": 1}",False,,False,False,,True
healthy_and_desm2026_dvp,liver,human,Single-cell spatial proteomics maps human liver zonation patterns and their vulnerability to disruption in tissue archit,2026,PXD062231,S-BIAD2529,Orbitrap Astral,100,73.8,98,"{""RAW"": 98, ""OTHER"": 2}",False,,False,False,,True
standard_deep_vi2024_dvp,skin,human,Spatial proteomics identifies JAKi as treatment for a lethal skin disease,2024,PXD044477,,Bruker Daltonics timsTOF series,6,252.5,2,"{""OTHER"": 1, ""RAW"": 2, ""SEARCH"": 2, ""EXPERIMENTAL DESIGN"": 1}",True,report.pg_matrix_CD45.zip; report.pg_matrix_CK.zip,False,False,,False
laser_microdisse2025_dvp,heart,mouse,Spatial multiomics of acute myocardial infarction reveals immune cell infiltration through the endocardium,2025,PXD066993,,timsTOF SCP,5,31.9,1,"{""OTHER"": 2, ""SEARCH"": 1, ""RAW"": 1, ""FASTA"": 1}",False,,False,False,,False
sensory_neuron_s2026_dvp,dorsal root ganglion,mouse,Deep visual proteomics uncovers nociceptor diversity and pain targets,2026,PXD070495,,timsTOF SCP; timsTOF Ultra,10,295.8,3,"{""SEARCH"": 3, ""OTHER"": 2, ""FASTA"": 2, ""RAW"": 3}",False,,False,False,,False
pseudonymized_ms2026_dvp,pancreas,human,AI-Powered Deep Visual Proteomics Reveals Critical Molecular Transitions in Pancreatic Cancer Precursors,2026,PXD072559,,Orbitrap Astral,4,222.7,1,"{""OTHER"": 1, ""SEARCH"": 2, ""RAW"": 1}",False,,False,False,,False
dvp_cohort_of_vs2026_dvp,carotid plaque,human,Deep Visual Proteomics links vascular smooth muscle cell phenotypes to atherosclerotic plaque stability,2026,,S-BIAD3625,,0,0.0,0,{},False,,False,False,,True
stz_induced_diab2026_leica_lmd7_a,kidney,mouse,Deep visual proteomics reveals distinct proximal tubular and glomerular injury programs in experimental diabetic kidney ,2026,PXD081718,,,0,0.0,0,{},False,,False,False,,False
mund2022_dvp_salivary_gland,salivary gland,human,"Mund et al., Deep Visual Proteomics defines single-cell identity and heterogeneity, Nat Biotechnol (2022)",2022,PXD023904,,timsTOF Pro,8,125.9,4,"{""RAW"": 4, ""SEARCH"": 4}",False,,False,False,,False
mund2022_dvp_melanoma,skin,human,"Mund et al., Deep Visual Proteomics defines single-cell identity and heterogeneity, Nat Biotechnol (2022)",2022,PXD023904,,timsTOF Pro,8,125.9,4,"{""RAW"": 4, ""SEARCH"": 4}",False,,False,False,,False
mund2022_dvp_fallopian_tube,fallopian tube,human,"Mund et al., Deep Visual Proteomics defines single-cell identity and heterogeneity, Nat Biotechnol (2022)",2022,PXD023904,,timsTOF Pro,8,125.9,4,"{""RAW"": 4, ""SEARCH"": 4}",False,,False,False,,False
mardamshina2026_mxdvp_islets,pancreas (islets),human,"Mardamshina et al., Multiplexed deep visual proteomics resolves spatial heterogeneity and rare endocrine states in human",2026,PXD062166,S-BIAD1853,Orbitrap Astral; timsTOF SCP,5,169.3,2,"{""SEARCH"": 2, ""RAW"": 2, ""OTHER"": 1}",False,,False,False,,True
post2025_dvp_colon_organoid_xenograft,colon,human (organoid) in mouse colon,"Post et al., Deep visual proteomics reveals an in vivo-like phenotype of orthotopically transplanted human colon organoi",2025,PXD052341,,Orbitrap Astral,11,1871.7,6,"{""RAW"": 6, ""SEARCH"": 4, ""EXPERIMENTAL DESIGN"": 1}",True,DVP_data.pg_matrix.tsv; bulk_data.pg_matrix.tsv,False,False,,False
psoriasis2025_dvp_skin_layers,skin (four epidermal/dermal layers),human,"Spatial Proteomic Profiling Reveals Increased Levels of Cholesterol Synthesis Proteins in Psoriasis Vulgaris, J Invest D",2025,PXD063539,,timsTOF SCP,16,786.0,5,"{""SEARCH"": 9, ""RAW"": 5, ""OTHER"": 1, ""EXPERIMENTAL DESIGN"": 1}",True,OuterEpidermis_DIANN181_MBR.pg_matrix_deidentified.tsv; Subcutis_DIANN181_MBR.pg_matrix_deidentified.tsv; InnerEpidermis_DIANN181_MBR.pg_matrix_deidentified.tsv,False,False,,False
pride_pxd046354_dvp_borderline_ovarian,ovary,human,PRIDE PXD046354: Deep Visual Proteomics and spatial transcriptomics reveal the landscape of tumor malignancy in borderli,2025,PXD046354,,timsTOF SCP,8,626.6,3,"{""SEARCH"": 3, ""OTHER"": 1, ""RAW"": 3, ""EXPERIMENTAL DESIGN"": 1}",True,20220420_Borderline_Stroma.pg_matrix.tsv; Borderline_Epithelium_Cell_Lines_Integration.pg_matrix.tsv; 20220403_Borderline_Epithelium.pg_matrix.tsv,False,False,,False
pride_pxd051795_dvp_composite_lymphoma,lymph node,human,PRIDE PXD051795: Single-cell-type Spatial Proteomics Unveils Precision Medicine Insights in Composite Small Lymphocytic ,2024,PXD051795,S-BIAD1151,timsTOF Pro,6,199.8,2,"{""SEARCH"": 2, ""OTHER"": 1, ""RAW"": 2, ""EXPERIMENTAL DESIGN"": 1}",True,LibrarySearch.pg_matrix.tsv,False,False,,True
bia_sbiad1304_dvp_mycosis_fungoides,skin,human,BioImage Archive S-BIAD1304: Deep Visual Proteomics Reveal Spatial-Temporal Molecular Signatures of Mycosis Fungoides (2,2025,,S-BIAD1304,,0,0.0,0,{},False,,False,False,,True
bia_sbiad2869_dvp_cell_type_atlas,"cerebellum, bone marrow, lymph node, lung, liver, kidney, skeletal muscle and others",human,BioImage Archive S-BIAD2869: A Cell type-Resolved Human Protein Atlas (2026),2026,,S-BIAD2869,,0,0.0,0,{},False,,False,False,,True
nimo2025_opendvp,,human,"Nimo et al., OpenDVP: An experimental and computational framework for community-empowered deep visual proteomics, bioRxi",2025,,S-BIAD2194,,0,0.0,0,{},False,,False,False,,True
yue2026_tphp_pct_dia,"58 major tissue types / 251 subtypes (adult autopsy, fetal) ",human,"Yue et al., Spatial distribution of the proteome in the human body and in cancers, Nature (2026)",2026,IPX0003578000;PXD063370;PXD077178,,,100,473.9,100,,False,,False,False,,False
