accession,title,release_date,platform,organism,tissue,n_samples,n_spatial_samples,geo_platform_ids,pubmed_ids,doi,geo_url,notes
GSE262569,Smooth muscle-derived resident vascular adventitial progenitor cell contribution to cardiac fibrosis and inflammation is dependent on KLF4 [Spatial Transcriptomics],2026-08-31,Visium,Mus musculus,Heart,2,2,GPL24247,,,https://www.ncbi.nlm.nih.gov/geo/query/acc.cgi?acc=GSE262569,
GSE290630,Effect of knockout of H3mm15 on gene expression for STRA8-positive cells [Spatial Transcriptomics],2026-08-31,PIC (photo-isolation chemistry),Mus musculus,testis,3,,GPL24247,,,https://www.ncbi.nlm.nih.gov/geo/query/acc.cgi?acc=GSE290630,platform set on manual review of the GEO record
GSE334959,Cerebellar and cerebral frontal lobe alterations in pulmonary hypertension: Evidence of an inflammatory lung vascular-brain axis [Spatial Transcriptomics],2026-08-31,Visium,Mus musculus,Brain,13,13,GPL30172,,,https://www.ncbi.nlm.nih.gov/geo/query/acc.cgi?acc=GSE334959,
GSE294366,Spatial tramscriptomics of A549 xenograft tumor tissues in CD34 humanized NSG-SGM3 mice,2026-09-01,Visium,Homo sapiens; Mus musculus,A549 cell line,4,4,GPL24496,,,https://www.ncbi.nlm.nih.gov/geo/query/acc.cgi?acc=GSE294366,
GSE296301,Transient Senescence Following Myocardial Infarction: Characterization and Functional Implications in Cardiac Remodeling [SpatialTranscriptome],2026-09-01,Visium,Mus musculus,frozen heart,2,2,GPL24247,,,https://www.ncbi.nlm.nih.gov/geo/query/acc.cgi?acc=GSE296301,
GSE306706,Spatial transcriptomics and N-glycoproteomics reveal breed-dependent immune and structural responses in Mycoplasma hyopneumoniae-infected pig lungs,2026-09-01,Visium,Sus scrofa,Lung,4,4,GPL26351,,,https://www.ncbi.nlm.nih.gov/geo/query/acc.cgi?acc=GSE306706,
GSE327094,SIV infection disrupts the spatial cellular and communication networks of pulmonary granulomas during SIV/Mtb co-infection,2026-09-01,GeoMx DSP,Macaca fascicularis; synthetic construct,Lung granuloma; GeoMX-NTC-Control-wells,425,425,GPL34256; GPL32628,,,https://www.ncbi.nlm.nih.gov/geo/query/acc.cgi?acc=GSE327094,
GSE337131,Spatial transcriptomics of early-grade Huntington’s disease and control Caudate,2026-09-01,Visium HD; Visium,Homo sapiens,Caudate,2,2,GPL34284,,,https://www.ncbi.nlm.nih.gov/geo/query/acc.cgi?acc=GSE337131,
GSE337537,Persistent Lung Inflammation and Fibrosis After Mouse-Adapted Omicron BA.1 Infection,2026-09-01,Visium,Mus musculus,Pulmonary tissue,2,2,GPL30172,,,https://www.ncbi.nlm.nih.gov/geo/query/acc.cgi?acc=GSE337537,
GSE338404,MALADAPTIVE IMMUNE-FIBROTIC AXIS DRIVES IMPAIRED LONG BONE REGENERATION UNDER MECHANICAL INSTABILITY,2026-09-01,Visium,Mus musculus,femoral fracture callus,2,2,GPL34290,42664332,10.1126/sciadv.adx7511,https://www.ncbi.nlm.nih.gov/geo/query/acc.cgi?acc=GSE338404,
GSE342343,The role of Angiopoietin 1 in acute-on-chronic liver failure,2026-09-01,Xenium,Mus musculus,liver,1,1,GPL33896,,,https://www.ncbi.nlm.nih.gov/geo/query/acc.cgi?acc=GSE342343,
GSE344527,Reduced melanocortin tone mediates increased feeding during pregnancy in mice,2026-09-01,Xenium,Mus musculus,Mediobasal Hypothalami,20,20,GPL33896,42469283,10.1038/s41467-026-75650-0,https://www.ncbi.nlm.nih.gov/geo/query/acc.cgi?acc=GSE344527,
GSE344702,Multimodal transcriptomics and calcium imaging reveal a novel subset of polymodal nociceptors expressing the interleukin 1 receptor in mice,2026-09-01,GeoMx DSP,Mus musculus,L5 dorsal root ganglion,25,25,GPL30172,,,https://www.ncbi.nlm.nih.gov/geo/query/acc.cgi?acc=GSE344702,
GSE344969,Spatial transcriptomic profiling of calcified human coronary artery lesions,2026-09-01,Visium,Homo sapiens,coronary artery,2,2,GPL28038,,,https://www.ncbi.nlm.nih.gov/geo/query/acc.cgi?acc=GSE344969,
GSE326553,"Spatial transcriptomics reveals distinct cell type dynamics following opioid dependence in female mice with the common human mu-opioid receptor variant, Oprm1 A118G",2026-09-02,CosMx,Mus musculus,brain coronal section,4,4,GPL36279,42637754,10.1038/s41467-026-75723-0,https://www.ncbi.nlm.nih.gov/geo/query/acc.cgi?acc=GSE326553,
GSE335624,Initial OX40–OX40L Signaling Promotes a Skin-Resident Memory T-Cell Reservoir in Atopic Dermatitis,2026-09-02,Xenium,Homo sapiens,Skin,1,1,GPL33762,42638514,10.1111/all.70493,https://www.ncbi.nlm.nih.gov/geo/query/acc.cgi?acc=GSE335624,
GSE337933,PTPN1/2 inhibits alveolar macrophage-mediated control of lung metastasis [CosMx SMI],2026-09-02,CosMx,Mus musculus,"lung, lymph node",1,1,GPL36279,,,https://www.ncbi.nlm.nih.gov/geo/query/acc.cgi?acc=GSE337933,
GSE345359,A single-nucleus and spatial transcriptomic atlas of the Syrian hamster preoptic area across hibernation states,2026-09-02,Xenium,Mesocricetus auratus,Brain,4,4,GPL36953,,,https://www.ncbi.nlm.nih.gov/geo/query/acc.cgi?acc=GSE345359,
GSE330953,A necroptotic-to-apoptotic signaling axis underlies inflammatory bowel disease,2026-09-03,Xenium,Homo sapiens,Sigmoid colon; Rectum; Ascending colon,51,51,GPL33762,42658927,10.1126/science.aeh7112,https://www.ncbi.nlm.nih.gov/geo/query/acc.cgi?acc=GSE330953,
GSE345643,Human Adult and Pediatric Multimodal Transcriptomic Atlas of Progression from Pressure-Loaded to Failing Right Ventricle [Xenium spatial transcriptomics],2026-09-04,Xenium,Homo sapiens,right ventricle (transmural),6,6,GPL33762,,,https://www.ncbi.nlm.nih.gov/geo/query/acc.cgi?acc=GSE345643,
GSE304813,Spatial Epigenomics Reveals Stromal Niche-Associated Regulatory Programs Across Pancreatic Neuroendocrine Tumor Grades,2026-09-07,DBiT-seq; spatial ATAC / epigenomics,Homo sapiens,pancreas,21,21,GPL24676,,,https://www.ncbi.nlm.nih.gov/geo/query/acc.cgi?acc=GSE304813,
GSE334433,Tissue composition shapes differential skeletal integration strategies during axolotl limb regeneration [Spatial Transcriptomics],2026-09-07,Visium,Ambystoma mexicanum,Regenerating limb amputated in dyaphisis region; Regenerating limb amputated in epiphysis region,7,7,GPL27159,,,https://www.ncbi.nlm.nih.gov/geo/query/acc.cgi?acc=GSE334433,
GSE345644,Human bladder cell spatial mapping [Xenium],2026-09-07,Xenium,Homo sapiens,Bladder,1,1,GPL33762,,,https://www.ncbi.nlm.nih.gov/geo/query/acc.cgi?acc=GSE345644,
GSE286184,Single-nucleus transcriptomic landscape of human glomerular diseases [Xenium],2026-09-08,Xenium,Homo sapiens,Kidney,22,22,GPL33762,,,https://www.ncbi.nlm.nih.gov/geo/query/acc.cgi?acc=GSE286184,
GSE305258,Spatial Transcriptomics of Primary and Metastatic ALK-Rearranged NSCLC Reveals Site-Specific Adaptations and Prognostic Signatures Authors,2026-09-08,GeoMx DSP,Homo sapiens,Tumor_Lymph node_Mets; Tumor_Primary_lung; Tumor_Brain_Mets,36,36,GPL24676,42685503,10.1016/j.currproblcancer.2026.101331,https://www.ncbi.nlm.nih.gov/geo/query/acc.cgi?acc=GSE305258,
GSE307910,Nuclear envelope rupture in cardiomyocytes orchestrates early transcriptomic changes and immune activation in LMNA-DCM that are reversed by LINC complex disruption,2026-09-08,Slide-seq,Mus musculus,Whole heart,4,4,GPL34290,,,https://www.ncbi.nlm.nih.gov/geo/query/acc.cgi?acc=GSE307910,
GSE314976,Spatial confinement promotes germinal center diversity and tempers immunodominance [ZIP-Seq],2026-09-08,ZipSeq,Mus musculus,popliteal lymph node,30,,GPL34328,,,https://www.ncbi.nlm.nih.gov/geo/query/acc.cgi?acc=GSE314976,platform set on manual review of the GEO record
GSE316387,Xenium Analysis of Melanoma FFPE,2026-09-08,Xenium,Homo sapiens,Melanoma,15,15,GPL33762,,,https://www.ncbi.nlm.nih.gov/geo/query/acc.cgi?acc=GSE316387,
GSE346090,Distinct IL‑17A and retinoic acid–associated gene programs are enriched in epithelialized tunnels in severe hidradenitis suppurativa.,2026-09-08,Visium,Homo sapiens,HS lesional skin,5,5,GPL30173; GPL24676,,,https://www.ncbi.nlm.nih.gov/geo/query/acc.cgi?acc=GSE346090,
GSE324193,Hepatic and Brain Spatial Gene Expression Changes in Intragastric Alcohol Fed APP/PS1 Alzheimer's Disease Mouse Model,2026-09-09,GeoMx DSP,Mus musculus,brain; liver,72,72,GPL24247,42687927,10.21203/rs.3.rs-10760512/v1,https://www.ncbi.nlm.nih.gov/geo/query/acc.cgi?acc=GSE324193,
GSE326903,Polarized neocortical organoids with areal signatures upon the formation of anterior and posterior organizers. [Spatial Transcriptomics],2026-09-09,Visium,Homo sapiens,neocortical organoid,3,3,GPL24676,42624107,10.1016/j.stem.2026.07.014,https://www.ncbi.nlm.nih.gov/geo/query/acc.cgi?acc=GSE326903,
GSE332910,"SnRNA-seq, snATAC-seq and Stereo-seq datasets of mouse striatum at different time points in MCAO/R",2026-09-09,Stereo-seq,Mus musculus,Brain,30,30,GPL28330,42693582,10.1002/advs.77547,https://www.ncbi.nlm.nih.gov/geo/query/acc.cgi?acc=GSE332910,
GSE333244,Spatial Rewiring of Enterocyte Identity in Celiac Disease [Visium],2026-09-09,Visium HD; Visium,Homo sapiens,Duodenum,4,4,GPL34281,,,https://www.ncbi.nlm.nih.gov/geo/query/acc.cgi?acc=GSE333244,
GSE333529,A skin–kidney neutrophil axis links UV exposure to renal angiogenesis and tissue remodeling in healthy and lupus kidneys. [Spatial Transcriptomics],2026-09-09,Visium,Homo sapiens,kidney,4,4,GPL18573,42679049,10.1093/jimmun/vkag178,https://www.ncbi.nlm.nih.gov/geo/query/acc.cgi?acc=GSE333529,
GSE328244,COL1A1-Enhanced CD44/SLC7A11 Interaction and Cystine Uptake Result in CD34+ Foam-Like Macrophage Accumulation in Transplant Arteriosclerosis-Spatial Transcriptomic dataset,2026-09-10,Stereo-seq,Mus musculus,Vascular,4,4,GPL28330,42549511,10.1161/CIRCULATIONAHA.126.080261,https://www.ncbi.nlm.nih.gov/geo/query/acc.cgi?acc=GSE328244,
GSE346380,Spatially resolved single-cell transcriptomic profiling of human lung adenocarcinoma and normal lung tissue using NanoString CosMx SMI,2026-09-10,CosMx,Homo sapiens,lung adenocarcinoma; normal,6,6,GPL33484,,,https://www.ncbi.nlm.nih.gov/geo/query/acc.cgi?acc=GSE346380,
GSE316789,A long-read-compatible spatial barcoding system: enables isoform-resolved spatial heterogeneity at near-single-cell scale.,2026-09-12,custom long-read spatial barcoding array,Mus musculus; Solanum lycopersicum,Graft interface; Embryo,4,,GPL26624; GPL24247; GPL27957; GPL36526,,,https://www.ncbi.nlm.nih.gov/geo/query/acc.cgi?acc=GSE316789,platform set on manual review of the GEO record
GSE320484,Genetic and pharmacologic disruption of N-Myc suppresses basal cell carcinoma,2026-09-12,Xenium,Mus musculus,skin,4,4,GPL33896,,,https://www.ncbi.nlm.nih.gov/geo/query/acc.cgi?acc=GSE320484,
GSE288244,Norway spruce spatiotemporal programs of conifer reproductive development,2026-09-13,Visium,Picea abies,shoot primordia,25,25,GPL35343,,,https://www.ncbi.nlm.nih.gov/geo/query/acc.cgi?acc=GSE288244,
GSE346722,Spatial compartmentalization shapes distinct germinal center states during respiratory viral infection,2026-09-13,Xenium,Macaca fascicularis,mediastinal lymph node,2,2,GPL37502,,,https://www.ncbi.nlm.nih.gov/geo/query/acc.cgi?acc=GSE346722,
GSE338350,Nuclear Prohibitin 1 Protects Against Alcohol-Associated Liver Injury and Sensitization to Colon Cancer Liver Metastasis [Spatial Transcriptomics],2026-09-14,GeoMx DSP,Mus musculus,CRLM Tumor; Adj. Liver,64,64,GPL24247,,,https://www.ncbi.nlm.nih.gov/geo/query/acc.cgi?acc=GSE338350,
GSE346572,Type-I IFNs in EAE drive synaptic transcriptional responses in neurons and astrocytes in the brain,2026-09-14,Visium HD,Mus musculus,brain,4,4,GPL24247,,,https://www.ncbi.nlm.nih.gov/geo/query/acc.cgi?acc=GSE346572,
GSE311636,New taxonomy based on individual patient-reported response trajectories defines ulcerative colitis endotypes and reveals vascular inflammation as a mechanism for vedolizumab nonresponse [cosMx],2026-09-15,CosMx,Homo sapiens,rectum,4,4,GPL33484,,,https://www.ncbi.nlm.nih.gov/geo/query/acc.cgi?acc=GSE311636,
GSE313828,Spatial transcriptomics of MRGPRX4-driven melanoma,2026-09-15,Visium,Mus musculus,dorsal skin,3,3,GPL24247,,,https://www.ncbi.nlm.nih.gov/geo/query/acc.cgi?acc=GSE313828,
GSE318204,Spatial Transcriptomics Reveals that a Novel Microporous [nCounter],2026-09-15,GeoMx DSP,Sus scrofa domesticus,skin,21,21,GPL31258,,,https://www.ncbi.nlm.nih.gov/geo/query/acc.cgi?acc=GSE318204,
GSE336853,New taxonomy based on individual patient-reported response trajectories defines ulcerative colitis endotypes and reveals vascular inflammation as a mechanism for vedolizumab nonresponse.,2026-09-15,Xenium; CosMx,Homo sapiens,rectum,8,8,GPL33484,,,https://www.ncbi.nlm.nih.gov/geo/query/acc.cgi?acc=GSE336853,
GSE341382,Spatial transcriptomics of mouse lung after tumor induction.,2026-09-15,Visium HD; Visium,Mus musculus,Lung,2,2,GPL24247,,,https://www.ncbi.nlm.nih.gov/geo/query/acc.cgi?acc=GSE341382,
GSE341918,Dual host-pathogen screening of the lung during severe influenza using spatial transcriptomics,2026-09-15,Slide-seq,Mus musculus,Lung,4,4,GPL30172,,,https://www.ncbi.nlm.nih.gov/geo/query/acc.cgi?acc=GSE341918,
GSE311853,A spatiotemporal immune atlas of subarachnoid hemorrhage from single-cell and spatial transcriptomics [ST],2026-09-16,,Mus musculus,injured cerebral hemisphere,3,,GPL34290,42723959,10.3389/fnins.2026.1923057,https://www.ncbi.nlm.nih.gov/geo/query/acc.cgi?acc=GSE311853,platform set on manual review of the GEO record
GSE318039,Spatial Transcriptomics Reveals Compartment-Specific Cytotoxic T cells Crosstalk with AT2 and Goblet cells in Advanced COPD,2026-09-16,Visium,Homo sapiens,lung,8,8,GPL24676,42351239,10.1186/s40364-026-00960-w,https://www.ncbi.nlm.nih.gov/geo/query/acc.cgi?acc=GSE318039,
GSE315416,A High-Resolution Stereo-seq Spatial Transcriptomic Dataset of the Bovine Liver,2026-09-17,Stereo-seq,Bos taurus,Cattle Liver,2,2,GPL36108,42737743,10.3390/ijms27177844,https://www.ncbi.nlm.nih.gov/geo/query/acc.cgi?acc=GSE315416,
GSE316346,TGFβ1 and Oncostatin M promotes the organization of two distinct stromal niches controlling different EMT states [Xenium],2026-09-17,Xenium,Mus musculus,skin,2,2,GPL33896,,,https://www.ncbi.nlm.nih.gov/geo/query/acc.cgi?acc=GSE316346,
GSE343862,Zonated Cholesterol Sensing by SIRT2 Drives MASLD-HCC [Spatial transcriptomics],2026-09-17,Visium,Mus musculus,liver,6,6,GPL24247,,,https://www.ncbi.nlm.nih.gov/geo/query/acc.cgi?acc=GSE343862,
GSE344594,Spatial transcriptomic landscape of protein-coding genes in descended and undescended testes of dogs with unilateral cryptorchidism,2026-09-17,Visium,Canis lupus familiaris,testis,4,4,GPL33053,,,https://www.ncbi.nlm.nih.gov/geo/query/acc.cgi?acc=GSE344594,
GSE347584,Spatial transcriptomic analysis of progressing oral epithelial dysplasia reveals unique differentially expressed genes and microenvironmental changes,2026-09-17,GeoMx DSP,Homo sapiens,"Oral mucosa; High-grade oral epithelial dysplasia, non-progressor; Oral squamous cell carcinoma, progressor",160,160,GPL24676,,,https://www.ncbi.nlm.nih.gov/geo/query/acc.cgi?acc=GSE347584,
GSE347650,Aging-Related Cellular and Molecular Changes Reveal a Role for Bglap3+ Neurons in MEC Spatial Cognition,2026-09-17,Visium,Mus musculus,Brain,16,16,GPL24247,,,https://www.ncbi.nlm.nih.gov/geo/query/acc.cgi?acc=GSE347650,
GSE319706,Spatial polarization of endothelial ICAM-1 drives CD8⁺ T cell exclusion in melanoma [Xenium],2026-09-18,Xenium,Mus musculus,YUMMER1.7 mouse melanoma tissue (C57BL/6J),9,9,GPL33896,,,https://www.ncbi.nlm.nih.gov/geo/query/acc.cgi?acc=GSE319706,
GSE335533,Epigenetic reprogramming of CD4⁺ T cell fate by maternal and early-life obesity impairs vaccine responses in the offspring [Spatial Transcriptomics],2026-09-18,Visium,Mus musculus,draining lymph node,2,2,GPL30172,,,https://www.ncbi.nlm.nih.gov/geo/query/acc.cgi?acc=GSE335533,
GSE327879,Single-cell spatial transcriptomic analyses of severe Covid-19 lungs identifies  disease-associated spatial niches,2026-09-21,CosMx,Homo sapiens,Post-mortem lung tissue  FFPE of 3 control patients; Post-mortem lung tissue  FFPE of 3 patients tested positive with COVID-19,2,2,GPL33484,,,https://www.ncbi.nlm.nih.gov/geo/query/acc.cgi?acc=GSE327879,
GSE338671,A Novel Heterozygous STAT5B Loss-of-Function Variant Associated with Interleukin-17A-Responsive Systemic Juvenile Idiopathic Arthritis-like Disease,2026-09-22,Xenium,Homo sapiens,synovium,3,,GPL33762,,,https://www.ncbi.nlm.nih.gov/geo/query/acc.cgi?acc=GSE338671,platform set on manual review of the GEO record
GSE297947,IL-33/IL1RL1 (ST2) signalling drives immune suppression in HPV-mediated epithelial hyperplasia,2026-09-23,Visium,Mus musculus,ear skin,1,1,GPL24247,42679897,10.1016/j.tvr.2026.200350,https://www.ncbi.nlm.nih.gov/geo/query/acc.cgi?acc=GSE297947,
GSE313471,Identification of a long-term surviving human mesenchymal stromal cell subpopulation upon intradermal injection in immunodeficient mice,2026-09-23,Visium,Homo sapiens,Bone marrow,11,7,GPL24676,42365332,10.1186/s13287-026-05101-6,https://www.ncbi.nlm.nih.gov/geo/query/acc.cgi?acc=GSE313471,
GSE313919,Complex Human Hair Bearing Skin Organoids Reveal Cell-Type Specific Susceptibility and Innate Immune Responses to Herpes Simplex Virus 1,2026-09-23,Xenium,Homo sapiens,Skin organoids,4,4,GPL33762,,,https://www.ncbi.nlm.nih.gov/geo/query/acc.cgi?acc=GSE313919,
GSE337859,Exploratory Single-nucleus Multiomics of Myeloid Cell States Associated with Neoadjuvant Chemotherapy Response in Human Pancreatic Ductal Adenocarcinoma,2026-09-23,Visium,Homo sapiens,Pancreas,2,2,GPL30173,42735906,10.1002/ctm2.70810,https://www.ncbi.nlm.nih.gov/geo/query/acc.cgi?acc=GSE337859,
GSE344506,Spatial Transcriptomics to Investigate the Impact of HIV/ART on DLBCL Tumorigenesis and Tumor Microenvironment,2026-09-24,Visium,Homo sapiens,DLBCL Biopsy,32,32,GPL11154,,,https://www.ncbi.nlm.nih.gov/geo/query/acc.cgi?acc=GSE344506,
GSE348514,Xenium In Situ Spatial Perturb-Seq: Single-cell Functional Genomics of the Mouse Brain,2026-09-24,Xenium,Mus musculus,Brain,2,2,GPL33896,,,https://www.ncbi.nlm.nih.gov/geo/query/acc.cgi?acc=GSE348514,
GSE345691,Functional Merlin Depletion Defines a TEAD1-Dependent Tumor Cell State that Promotes Schwannoma Progression: Xenium spatial transcriptomics,2026-09-25,Xenium,Homo sapiens,vestibular schwannoma,8,8,GPL33762,,,https://www.ncbi.nlm.nih.gov/geo/query/acc.cgi?acc=GSE345691,
GSE348584,A single cell and spatial atlas of preinvasive breast cancer,2026-09-25,Xenium,Homo sapiens,breast,15,15,GPL33762,,,https://www.ncbi.nlm.nih.gov/geo/query/acc.cgi?acc=GSE348584,
GSE282298,Spatial Analysis of Placentae During Congenital Cytomegalovirus Infection Suggests Distinct Cellular Profiles in Immune and Trophoblast Cells: An Exploratory Study,2026-09-26,GeoMx DSP,Homo sapiens,placenta,145,145,GPL24676,,,https://www.ncbi.nlm.nih.gov/geo/query/acc.cgi?acc=GSE282298,
GSE348619,Design and Assembly of Combinatorial DNA Barcodes for Probe-based Genomics Applications [Pyxa spatial transcriptomic],2026-09-26,Pyxa,Mus musculus,primary somatosensory cortex,1,1,GPL37571,,,https://www.ncbi.nlm.nih.gov/geo/query/acc.cgi?acc=GSE348619,
GSE347080,Lung neuroendocrine cancer induces immunosuppressive macrophages via serotonin to drive resistance to the T cell engager tarlatamab [Xenium],2026-09-29,Xenium,Homo sapiens,Lung,5,5,GPL33762,,,https://www.ncbi.nlm.nih.gov/geo/query/acc.cgi?acc=GSE347080,
GSE348919,A single cell and spatial atlas of preinvasive breast cancer [Visium ST],2026-09-29,Visium,Homo sapiens,breast; Fresh Frozen,14,14,GPL24676,,,https://www.ncbi.nlm.nih.gov/geo/query/acc.cgi?acc=GSE348919,
