dataset_id,platform,cdn_prefix,sample,counts_url,counts_bytes,spatial_url,spatial_bytes,image_url,image_bytes,binned_url,binned_bytes,skip_reason
tenx_adult_human_brain_1_cerebral_cortex_unknown_,Visium,https://cf.10xgenomics.com/samples/spatial-exp/1.1.0/V1_Human_Brain_Section_1/V1_Human_Brain_Section_1,V1_Human_Brain_Section_1,https://cf.10xgenomics.com/samples/spatial-exp/1.1.0/V1_Human_Brain_Section_1/V1_Human_Brain_Section_1_filtered_feature_bc_matrix.h5,18935899,https://cf.10xgenomics.com/samples/spatial-exp/1.1.0/V1_Human_Brain_Section_1/V1_Human_Brain_Section_1_spatial.tar.gz,10257162,https://cf.10xgenomics.com/samples/spatial-exp/1.1.0/V1_Human_Brain_Section_1/V1_Human_Brain_Section_1_image.tif,4702382736,,0,
tenx_adult_human_brain_2_cerebral_cortex_unknown_,Visium,https://cf.10xgenomics.com/samples/spatial-exp/1.1.0/V1_Human_Brain_Section_2/V1_Human_Brain_Section_2,V1_Human_Brain_Section_2,https://cf.10xgenomics.com/samples/spatial-exp/1.1.0/V1_Human_Brain_Section_2/V1_Human_Brain_Section_2_filtered_feature_bc_matrix.h5,21198742,https://cf.10xgenomics.com/samples/spatial-exp/1.1.0/V1_Human_Brain_Section_2/V1_Human_Brain_Section_2_spatial.tar.gz,10587843,https://cf.10xgenomics.com/samples/spatial-exp/1.1.0/V1_Human_Brain_Section_2/V1_Human_Brain_Section_2_image.tif,4702382736,,0,
tenx_adult_mouse_brain_coronal_section_fresh_froz,Visium,https://cf.10xgenomics.com/samples/spatial-exp/2.1.0/V1_Adult_Mouse_Brain/V1_Adult_Mouse_Brain,V1_Adult_Mouse_Brain,https://cf.10xgenomics.com/samples/spatial-exp/2.1.0/V1_Adult_Mouse_Brain/V1_Adult_Mouse_Brain_filtered_feature_bc_matrix.h5,21107817,https://cf.10xgenomics.com/samples/spatial-exp/2.1.0/V1_Adult_Mouse_Brain/V1_Adult_Mouse_Brain_spatial.tar.gz,10260731,https://cf.10xgenomics.com/samples/spatial-exp/2.1.0/V1_Adult_Mouse_Brain/V1_Adult_Mouse_Brain_image.tif,398415836,,0,
tenx_adult_mouse_brain_coronal_section_visium_ff_,Visium,https://cf.10xgenomics.com/samples/spatial-exp/2.0.0/Visium_Fresh_Frozen_Adult_Mouse_Brain/Visium_Fresh_Frozen_Adult_Mouse_Brain,Visium_Fresh_Frozen_Adult_Mouse_Brain,https://cf.10xgenomics.com/samples/spatial-exp/2.0.0/Visium_Fresh_Frozen_Adult_Mouse_Brain/Visium_Fresh_Frozen_Adult_Mouse_Brain_filtered_feature_bc_matrix.h5,16348114,https://cf.10xgenomics.com/samples/spatial-exp/2.0.0/Visium_Fresh_Frozen_Adult_Mouse_Brain/Visium_Fresh_Frozen_Adult_Mouse_Brain_spatial.tar.gz,7448213,https://cf.10xgenomics.com/samples/spatial-exp/2.0.0/Visium_Fresh_Frozen_Adult_Mouse_Brain/Visium_Fresh_Frozen_Adult_Mouse_Brain_image.tif,533595572,,0,
tenx_adult_mouse_brain_if_stained_ffpe_1_standard,Visium,https://cf.10xgenomics.com/samples/spatial-exp/1.3.0/Visium_FFPE_Mouse_Brain_IF/Visium_FFPE_Mouse_Brain_IF,Visium_FFPE_Mouse_Brain_IF,https://cf.10xgenomics.com/samples/spatial-exp/1.3.0/Visium_FFPE_Mouse_Brain_IF/Visium_FFPE_Mouse_Brain_IF_filtered_feature_bc_matrix.h5,15829092,https://cf.10xgenomics.com/samples/spatial-exp/1.3.0/Visium_FFPE_Mouse_Brain_IF/Visium_FFPE_Mouse_Brain_IF_spatial.tar.gz,4377139,https://cf.10xgenomics.com/samples/spatial-exp/1.3.0/Visium_FFPE_Mouse_Brain_IF/Visium_FFPE_Mouse_Brain_IF_image.tif,480687512,,0,
tenx_ffpe_visium_on_cytassist_mouse_brain_probe_b,Visium,https://cf.10xgenomics.com/samples/spatial-exp/2.0.1/CytAssist_FFPE_Sagittal_Mouse_Brain/CytAssist_FFPE_Sagittal_Mouse_Brain,CytAssist_FFPE_Sagittal_Mouse_Brain,https://cf.10xgenomics.com/samples/spatial-exp/2.0.1/CytAssist_FFPE_Sagittal_Mouse_Brain/CytAssist_FFPE_Sagittal_Mouse_Brain_filtered_feature_bc_matrix.h5,49331098,https://cf.10xgenomics.com/samples/spatial-exp/2.0.1/CytAssist_FFPE_Sagittal_Mouse_Brain/CytAssist_FFPE_Sagittal_Mouse_Brain_spatial.tar.gz,35580301,https://cf.10xgenomics.com/samples/spatial-exp/2.0.1/CytAssist_FFPE_Sagittal_Mouse_Brain/CytAssist_FFPE_Sagittal_Mouse_Brain_tissue_image.tif,6649426708,,0,
tenx_fixed_frozen_visium_on_cytassist_mouse_brain,Visium,https://cf.10xgenomics.com/samples/spatial-exp/2.0.1/CytAssist_Fixed_Frozen_Sagittal_Mouse_Brain/CytAssist_Fixed_Frozen_Sagittal_Mouse_Brain,CytAssist_Fixed_Frozen_Sagittal_Mouse_Brain,https://cf.10xgenomics.com/samples/spatial-exp/2.0.1/CytAssist_Fixed_Frozen_Sagittal_Mouse_Brain/CytAssist_Fixed_Frozen_Sagittal_Mouse_Brain_filtered_feature_bc_matrix.h5,45347855,https://cf.10xgenomics.com/samples/spatial-exp/2.0.1/CytAssist_Fixed_Frozen_Sagittal_Mouse_Brain/CytAssist_Fixed_Frozen_Sagittal_Mouse_Brain_spatial.tar.gz,34144724,https://cf.10xgenomics.com/samples/spatial-exp/2.0.1/CytAssist_Fixed_Frozen_Sagittal_Mouse_Brain/CytAssist_Fixed_Frozen_Sagittal_Mouse_Brain_tissue_image.tif,4866558150,,0,
tenx_fresh_frozen_visium_on_cytassist_human_breas,Visium,https://cf.10xgenomics.com/samples/spatial-exp/2.0.1/CytAssist_Fresh_Frozen_Human_Breast_Cancer/CytAssist_Fresh_Frozen_Human_Breast_Cancer,CytAssist_Fresh_Frozen_Human_Breast_Cancer,https://cf.10xgenomics.com/samples/spatial-exp/2.0.1/CytAssist_Fresh_Frozen_Human_Breast_Cancer/CytAssist_Fresh_Frozen_Human_Breast_Cancer_filtered_feature_bc_matrix.h5,11427200,https://cf.10xgenomics.com/samples/spatial-exp/2.0.1/CytAssist_Fresh_Frozen_Human_Breast_Cancer/CytAssist_Fresh_Frozen_Human_Breast_Cancer_spatial.tar.gz,29057618,https://cf.10xgenomics.com/samples/spatial-exp/2.0.1/CytAssist_Fresh_Frozen_Human_Breast_Cancer/CytAssist_Fresh_Frozen_Human_Breast_Cancer_tissue_image.tif,2375591453,,0,
tenx_fresh_frozen_visium_on_cytassist_mouse_brain,Visium,https://cf.10xgenomics.com/samples/spatial-exp/2.0.1/CytAssist_Fresh_Frozen_Sagittal_Mouse_Brain/CytAssist_Fresh_Frozen_Sagittal_Mouse_Brain,CytAssist_Fresh_Frozen_Sagittal_Mouse_Brain,https://cf.10xgenomics.com/samples/spatial-exp/2.0.1/CytAssist_Fresh_Frozen_Sagittal_Mouse_Brain/CytAssist_Fresh_Frozen_Sagittal_Mouse_Brain_filtered_feature_bc_matrix.h5,51654674,https://cf.10xgenomics.com/samples/spatial-exp/2.0.1/CytAssist_Fresh_Frozen_Sagittal_Mouse_Brain/CytAssist_Fresh_Frozen_Sagittal_Mouse_Brain_spatial.tar.gz,32632465,https://cf.10xgenomics.com/samples/spatial-exp/2.0.1/CytAssist_Fresh_Frozen_Sagittal_Mouse_Brain/CytAssist_Fresh_Frozen_Sagittal_Mouse_Brain_tissue_image.tif,5152823762,,0,
tenx_fresh_frozen_visium_on_cytassist_mouse_brain_2,Visium,https://cf.10xgenomics.com/samples/spatial-exp/2.0.1/CytAssist_Fresh_Frozen_Mouse_Brain/CytAssist_Fresh_Frozen_Mouse_Brain,CytAssist_Fresh_Frozen_Mouse_Brain,https://cf.10xgenomics.com/samples/spatial-exp/2.0.1/CytAssist_Fresh_Frozen_Mouse_Brain/CytAssist_Fresh_Frozen_Mouse_Brain_filtered_feature_bc_matrix.h5,29772605,https://cf.10xgenomics.com/samples/spatial-exp/2.0.1/CytAssist_Fresh_Frozen_Mouse_Brain/CytAssist_Fresh_Frozen_Mouse_Brain_spatial.tar.gz,30809823,https://cf.10xgenomics.com/samples/spatial-exp/2.0.1/CytAssist_Fresh_Frozen_Mouse_Brain/CytAssist_Fresh_Frozen_Mouse_Brain_tissue_image.tif,3359449464,,0,
tenx_human_brain_cancer_11_mm_capture_area_ffpe_2,Visium,https://cf.10xgenomics.com/samples/spatial-exp/2.0.1/CytAssist_11mm_FFPE_Human_Glioblastoma/CytAssist_11mm_FFPE_Human_Glioblastoma,CytAssist_11mm_FFPE_Human_Glioblastoma,https://cf.10xgenomics.com/samples/spatial-exp/2.0.1/CytAssist_11mm_FFPE_Human_Glioblastoma/CytAssist_11mm_FFPE_Human_Glioblastoma_filtered_feature_bc_matrix.h5,58542585,https://cf.10xgenomics.com/samples/spatial-exp/2.0.1/CytAssist_11mm_FFPE_Human_Glioblastoma/CytAssist_11mm_FFPE_Human_Glioblastoma_spatial.tar.gz,35537957,https://cf.10xgenomics.com/samples/spatial-exp/2.0.1/CytAssist_11mm_FFPE_Human_Glioblastoma/CytAssist_11mm_FFPE_Human_Glioblastoma_tissue_image.tif,9465683053,,0,
tenx_human_breast_cancer_block_a_section_2_1_stan,Visium,https://cf.10xgenomics.com/samples/spatial-exp/1.1.0/V1_Breast_Cancer_Block_A_Section_2/V1_Breast_Cancer_Block_A_Section_2,V1_Breast_Cancer_Block_A_Section_2,https://cf.10xgenomics.com/samples/spatial-exp/1.1.0/V1_Breast_Cancer_Block_A_Section_2/V1_Breast_Cancer_Block_A_Section_2_filtered_feature_bc_matrix.h5,28898028,https://cf.10xgenomics.com/samples/spatial-exp/1.1.0/V1_Breast_Cancer_Block_A_Section_2/V1_Breast_Cancer_Block_A_Section_2_spatial.tar.gz,10345453,https://cf.10xgenomics.com/samples/spatial-exp/1.1.0/V1_Breast_Cancer_Block_A_Section_2/V1_Breast_Cancer_Block_A_Section_2_image.tif,1763006484,,0,
tenx_human_breast_cancer_block_a_section_2_1_stan_2,Visium,https://cf.10xgenomics.com/samples/spatial-exp/1.0.0/V1_Breast_Cancer_Block_A_Section_2/V1_Breast_Cancer_Block_A_Section_2,V1_Breast_Cancer_Block_A_Section_2,https://cf.10xgenomics.com/samples/spatial-exp/1.0.0/V1_Breast_Cancer_Block_A_Section_2/V1_Breast_Cancer_Block_A_Section_2_filtered_feature_bc_matrix.h5,26588540,https://cf.10xgenomics.com/samples/spatial-exp/1.0.0/V1_Breast_Cancer_Block_A_Section_2/V1_Breast_Cancer_Block_A_Section_2_spatial.tar.gz,11146916,https://cf.10xgenomics.com/samples/spatial-exp/1.0.0/V1_Breast_Cancer_Block_A_Section_2/V1_Breast_Cancer_Block_A_Section_2_image.tif,1763006484,,0,
tenx_human_breast_cancer_targeted_immunology_pane,Visium,https://cf.10xgenomics.com/samples/spatial-exp/1.2.0/Targeted_Visium_Human_BreastCancer_Immunology/Targeted_Visium_Human_BreastCancer_Immunology,Targeted_Visium_Human_BreastCancer_Immunology,https://cf.10xgenomics.com/samples/spatial-exp/1.2.0/Targeted_Visium_Human_BreastCancer_Immunology/Targeted_Visium_Human_BreastCancer_Immunology_filtered_feature_bc_matrix.h5,1022490,https://cf.10xgenomics.com/samples/spatial-exp/1.2.0/Targeted_Visium_Human_BreastCancer_Immunology/Targeted_Visium_Human_BreastCancer_Immunology_spatial.tar.gz,11759444,https://cf.10xgenomics.com/samples/spatial-exp/1.2.0/Targeted_Visium_Human_BreastCancer_Immunology/Targeted_Visium_Human_BreastCancer_Immunology_image.tif,1763006484,,0,
tenx_human_cerebellum_targeted_neuroscience_panel,Visium,https://cf.10xgenomics.com/samples/spatial-exp/2.0.0/Targeted_Visium_Human_Cerebellum_Neuroscience/Targeted_Visium_Human_Cerebellum_Neuroscience,Targeted_Visium_Human_Cerebellum_Neuroscience,https://cf.10xgenomics.com/samples/spatial-exp/2.0.0/Targeted_Visium_Human_Cerebellum_Neuroscience/Targeted_Visium_Human_Cerebellum_Neuroscience_filtered_feature_bc_matrix.h5,1571846,https://cf.10xgenomics.com/samples/spatial-exp/2.0.0/Targeted_Visium_Human_Cerebellum_Neuroscience/Targeted_Visium_Human_Cerebellum_Neuroscience_spatial.tar.gz,9745199,https://cf.10xgenomics.com/samples/spatial-exp/2.0.0/Targeted_Visium_Human_Cerebellum_Neuroscience/Targeted_Visium_Human_Cerebellum_Neuroscience_image.tif,533601661,,0,
tenx_human_cervical_cancer_1_standard,Visium,https://cf.10xgenomics.com/samples/spatial-exp/1.3.0/Visium_FFPE_Human_Cervical_Cancer/Visium_FFPE_Human_Cervical_Cancer,Visium_FFPE_Human_Cervical_Cancer,https://cf.10xgenomics.com/samples/spatial-exp/1.3.0/Visium_FFPE_Human_Cervical_Cancer/Visium_FFPE_Human_Cervical_Cancer_filtered_feature_bc_matrix.h5,19317567,https://cf.10xgenomics.com/samples/spatial-exp/1.3.0/Visium_FFPE_Human_Cervical_Cancer/Visium_FFPE_Human_Cervical_Cancer_spatial.tar.gz,15433424,https://cf.10xgenomics.com/samples/spatial-exp/1.3.0/Visium_FFPE_Human_Cervical_Cancer/Visium_FFPE_Human_Cervical_Cancer_image.jpg,91701678,,0,
tenx_human_colorectal_cancer_targeted_gene_signat,Visium,https://cf.10xgenomics.com/samples/spatial-exp/1.2.0/Targeted_Visium_Human_ColorectalCancer_GeneSignature/Targeted_Visium_Human_ColorectalCancer_GeneSignature,Targeted_Visium_Human_ColorectalCancer_GeneSignature,https://cf.10xgenomics.com/samples/spatial-exp/1.2.0/Targeted_Visium_Human_ColorectalCancer_GeneSignature/Targeted_Visium_Human_ColorectalCancer_GeneSignature_filtered_feature_bc_matrix.h5,1201263,https://cf.10xgenomics.com/samples/spatial-exp/1.2.0/Targeted_Visium_Human_ColorectalCancer_GeneSignature/Targeted_Visium_Human_ColorectalCancer_GeneSignature_spatial.tar.gz,8521628,https://cf.10xgenomics.com/samples/spatial-exp/1.2.0/Targeted_Visium_Human_ColorectalCancer_GeneSignature/Targeted_Visium_Human_ColorectalCancer_GeneSignature_image.tif,533412808,,0,
tenx_human_colorectal_cancer_whole_transcriptome_,Visium,https://cf.10xgenomics.com/samples/spatial-exp/1.2.0/Parent_Visium_Human_ColorectalCancer/Parent_Visium_Human_ColorectalCancer,Parent_Visium_Human_ColorectalCancer,https://cf.10xgenomics.com/samples/spatial-exp/1.2.0/Parent_Visium_Human_ColorectalCancer/Parent_Visium_Human_ColorectalCancer_filtered_feature_bc_matrix.h5,15520164,https://cf.10xgenomics.com/samples/spatial-exp/1.2.0/Parent_Visium_Human_ColorectalCancer/Parent_Visium_Human_ColorectalCancer_spatial.tar.gz,8522786,https://cf.10xgenomics.com/samples/spatial-exp/1.2.0/Parent_Visium_Human_ColorectalCancer/Parent_Visium_Human_ColorectalCancer_image.tif,533412808,,0,
tenx_human_glioblastoma_targeted_pan_cancer_panel,Visium,https://cf.10xgenomics.com/samples/spatial-exp/1.2.0/Targeted_Visium_Human_Glioblastoma_Pan_Cancer/Targeted_Visium_Human_Glioblastoma_Pan_Cancer,Targeted_Visium_Human_Glioblastoma_Pan_Cancer,https://cf.10xgenomics.com/samples/spatial-exp/1.2.0/Targeted_Visium_Human_Glioblastoma_Pan_Cancer/Targeted_Visium_Human_Glioblastoma_Pan_Cancer_filtered_feature_bc_matrix.h5,1251295,https://cf.10xgenomics.com/samples/spatial-exp/1.2.0/Targeted_Visium_Human_Glioblastoma_Pan_Cancer/Targeted_Visium_Human_Glioblastoma_Pan_Cancer_spatial.tar.gz,9140091,https://cf.10xgenomics.com/samples/spatial-exp/1.2.0/Targeted_Visium_Human_Glioblastoma_Pan_Cancer/Targeted_Visium_Human_Glioblastoma_Pan_Cancer_image.tif,533412808,,0,
tenx_human_glioblastoma_whole_transcriptome_analy,Visium,https://cf.10xgenomics.com/samples/spatial-exp/1.2.0/Parent_Visium_Human_Glioblastoma/Parent_Visium_Human_Glioblastoma,Parent_Visium_Human_Glioblastoma,https://cf.10xgenomics.com/samples/spatial-exp/1.2.0/Parent_Visium_Human_Glioblastoma/Parent_Visium_Human_Glioblastoma_filtered_feature_bc_matrix.h5,20429768,https://cf.10xgenomics.com/samples/spatial-exp/1.2.0/Parent_Visium_Human_Glioblastoma/Parent_Visium_Human_Glioblastoma_spatial.tar.gz,9134896,https://cf.10xgenomics.com/samples/spatial-exp/1.2.0/Parent_Visium_Human_Glioblastoma/Parent_Visium_Human_Glioblastoma_image.tif,533412808,,0,
tenx_human_heart_1_standard_1_0_0,Visium,https://cf.10xgenomics.com/samples/spatial-exp/1.0.0/V1_Human_Heart/V1_Human_Heart,V1_Human_Heart,https://cf.10xgenomics.com/samples/spatial-exp/1.0.0/V1_Human_Heart/V1_Human_Heart_filtered_feature_bc_matrix.h5,11565927,https://cf.10xgenomics.com/samples/spatial-exp/1.0.0/V1_Human_Heart/V1_Human_Heart_spatial.tar.gz,9824988,https://cf.10xgenomics.com/samples/spatial-exp/1.0.0/V1_Human_Heart/V1_Human_Heart_image.tif,533405030,,0,
tenx_human_heart_1_standard_1_1_0,Visium,https://cf.10xgenomics.com/samples/spatial-exp/1.1.0/V1_Human_Heart/V1_Human_Heart,V1_Human_Heart,https://cf.10xgenomics.com/samples/spatial-exp/1.1.0/V1_Human_Heart/V1_Human_Heart_filtered_feature_bc_matrix.h5,12196059,https://cf.10xgenomics.com/samples/spatial-exp/1.1.0/V1_Human_Heart/V1_Human_Heart_spatial.tar.gz,9204127,https://cf.10xgenomics.com/samples/spatial-exp/1.1.0/V1_Human_Heart/V1_Human_Heart_image.tif,533405030,,0,
tenx_human_kidney_11_mm_capture_area_ffpe_2_stand,Visium,https://cf.10xgenomics.com/samples/spatial-exp/2.0.1/CytAssist_11mm_FFPE_Human_Kidney/CytAssist_11mm_FFPE_Human_Kidney,CytAssist_11mm_FFPE_Human_Kidney,https://cf.10xgenomics.com/samples/spatial-exp/2.0.1/CytAssist_11mm_FFPE_Human_Kidney/CytAssist_11mm_FFPE_Human_Kidney_filtered_feature_bc_matrix.h5,37469564,https://cf.10xgenomics.com/samples/spatial-exp/2.0.1/CytAssist_11mm_FFPE_Human_Kidney/CytAssist_11mm_FFPE_Human_Kidney_spatial.tar.gz,36468759,https://cf.10xgenomics.com/samples/spatial-exp/2.0.1/CytAssist_11mm_FFPE_Human_Kidney/CytAssist_11mm_FFPE_Human_Kidney_tissue_image.tif,3433021474,,0,
tenx_human_lung_cancer_11_mm_capture_area_ffpe_2_,Visium,https://cf.10xgenomics.com/samples/spatial-exp/2.0.1/CytAssist_11mm_FFPE_Human_Lung_Cancer/CytAssist_11mm_FFPE_Human_Lung_Cancer,CytAssist_11mm_FFPE_Human_Lung_Cancer,https://cf.10xgenomics.com/samples/spatial-exp/2.0.1/CytAssist_11mm_FFPE_Human_Lung_Cancer/CytAssist_11mm_FFPE_Human_Lung_Cancer_filtered_feature_bc_matrix.h5,63755808,https://cf.10xgenomics.com/samples/spatial-exp/2.0.1/CytAssist_11mm_FFPE_Human_Lung_Cancer/CytAssist_11mm_FFPE_Human_Lung_Cancer_spatial.tar.gz,34400239,https://cf.10xgenomics.com/samples/spatial-exp/2.0.1/CytAssist_11mm_FFPE_Human_Lung_Cancer/CytAssist_11mm_FFPE_Human_Lung_Cancer_tissue_image.tif,3800522683,,0,
tenx_human_lymph_node_1_standard_1_0_0,Visium,https://cf.10xgenomics.com/samples/spatial-exp/1.0.0/V1_Human_Lymph_Node/V1_Human_Lymph_Node,V1_Human_Lymph_Node,https://cf.10xgenomics.com/samples/spatial-exp/1.0.0/V1_Human_Lymph_Node/V1_Human_Lymph_Node_filtered_feature_bc_matrix.h5,27416993,https://cf.10xgenomics.com/samples/spatial-exp/1.0.0/V1_Human_Lymph_Node/V1_Human_Lymph_Node_spatial.tar.gz,8733712,https://cf.10xgenomics.com/samples/spatial-exp/1.0.0/V1_Human_Lymph_Node/V1_Human_Lymph_Node_image.tif,398416526,,0,
tenx_human_ovarian_cancer_11_mm_capture_area_ffpe,Visium,https://cf.10xgenomics.com/samples/spatial-exp/2.0.0/CytAssist_11mm_FFPE_Human_Ovarian_Carcinoma/CytAssist_11mm_FFPE_Human_Ovarian_Carcinoma,CytAssist_11mm_FFPE_Human_Ovarian_Carcinoma,https://cf.10xgenomics.com/samples/spatial-exp/2.0.0/CytAssist_11mm_FFPE_Human_Ovarian_Carcinoma/CytAssist_11mm_FFPE_Human_Ovarian_Carcinoma_filtered_feature_bc_matrix.h5,37939439,https://cf.10xgenomics.com/samples/spatial-exp/2.0.0/CytAssist_11mm_FFPE_Human_Ovarian_Carcinoma/CytAssist_11mm_FFPE_Human_Ovarian_Carcinoma_spatial.tar.gz,35315564,https://cf.10xgenomics.com/samples/spatial-exp/2.0.0/CytAssist_11mm_FFPE_Human_Ovarian_Carcinoma/CytAssist_11mm_FFPE_Human_Ovarian_Carcinoma_tissue_image.tif,3758503833,,0,
tenx_human_ovarian_cancer_1_standard,Visium,https://cf.10xgenomics.com/samples/spatial-exp/1.3.0/Visium_FFPE_Human_Ovarian_Cancer/Visium_FFPE_Human_Ovarian_Cancer,Visium_FFPE_Human_Ovarian_Cancer,https://cf.10xgenomics.com/samples/spatial-exp/1.3.0/Visium_FFPE_Human_Ovarian_Cancer/Visium_FFPE_Human_Ovarian_Cancer_filtered_feature_bc_matrix.h5,26548409,https://cf.10xgenomics.com/samples/spatial-exp/1.3.0/Visium_FFPE_Human_Ovarian_Cancer/Visium_FFPE_Human_Ovarian_Cancer_spatial.tar.gz,16119457,https://cf.10xgenomics.com/samples/spatial-exp/1.3.0/Visium_FFPE_Human_Ovarian_Cancer/Visium_FFPE_Human_Ovarian_Cancer_image.jpg,85981000,,0,
tenx_human_ovarian_cancer_targeted_immunology_pan,Visium,https://cf.10xgenomics.com/samples/spatial-exp/1.2.0/Targeted_Visium_Human_OvarianCancer_Immunology/Targeted_Visium_Human_OvarianCancer_Immunology,Targeted_Visium_Human_OvarianCancer_Immunology,https://cf.10xgenomics.com/samples/spatial-exp/1.2.0/Targeted_Visium_Human_OvarianCancer_Immunology/Targeted_Visium_Human_OvarianCancer_Immunology_filtered_feature_bc_matrix.h5,851688,https://cf.10xgenomics.com/samples/spatial-exp/1.2.0/Targeted_Visium_Human_OvarianCancer_Immunology/Targeted_Visium_Human_OvarianCancer_Immunology_spatial.tar.gz,7174695,https://cf.10xgenomics.com/samples/spatial-exp/1.2.0/Targeted_Visium_Human_OvarianCancer_Immunology/Targeted_Visium_Human_OvarianCancer_Immunology_image.tif,4702784627,,0,
tenx_human_ovarian_cancer_targeted_pan_cancer_pan,Visium,https://cf.10xgenomics.com/samples/spatial-exp/1.2.0/Targeted_Visium_Human_OvarianCancer_Pan_Cancer/Targeted_Visium_Human_OvarianCancer_Pan_Cancer,Targeted_Visium_Human_OvarianCancer_Pan_Cancer,https://cf.10xgenomics.com/samples/spatial-exp/1.2.0/Targeted_Visium_Human_OvarianCancer_Pan_Cancer/Targeted_Visium_Human_OvarianCancer_Pan_Cancer_filtered_feature_bc_matrix.h5,1232913,https://cf.10xgenomics.com/samples/spatial-exp/1.2.0/Targeted_Visium_Human_OvarianCancer_Pan_Cancer/Targeted_Visium_Human_OvarianCancer_Pan_Cancer_spatial.tar.gz,7171454,https://cf.10xgenomics.com/samples/spatial-exp/1.2.0/Targeted_Visium_Human_OvarianCancer_Pan_Cancer/Targeted_Visium_Human_OvarianCancer_Pan_Cancer_image.tif,4702784627,,0,
tenx_human_ovarian_cancer_whole_transcriptome_ana,Visium,https://cf.10xgenomics.com/samples/spatial-exp/1.2.0/Parent_Visium_Human_OvarianCancer/Parent_Visium_Human_OvarianCancer,Parent_Visium_Human_OvarianCancer,https://cf.10xgenomics.com/samples/spatial-exp/1.2.0/Parent_Visium_Human_OvarianCancer/Parent_Visium_Human_OvarianCancer_filtered_feature_bc_matrix.h5,16924843,https://cf.10xgenomics.com/samples/spatial-exp/1.2.0/Parent_Visium_Human_OvarianCancer/Parent_Visium_Human_OvarianCancer_spatial.tar.gz,7175318,https://cf.10xgenomics.com/samples/spatial-exp/1.2.0/Parent_Visium_Human_OvarianCancer/Parent_Visium_Human_OvarianCancer_image.tif,4702784627,,0,
tenx_human_prostate_cancer_acinar_cell_carcinoma_,Visium,https://cf.10xgenomics.com/samples/spatial-exp/1.3.0/Visium_FFPE_Human_Prostate_Acinar_Cell_Carcinoma/Visium_FFPE_Human_Prostate_Acinar_Cell_Carcinoma,Visium_FFPE_Human_Prostate_Acinar_Cell_Carcinoma,https://cf.10xgenomics.com/samples/spatial-exp/1.3.0/Visium_FFPE_Human_Prostate_Acinar_Cell_Carcinoma/Visium_FFPE_Human_Prostate_Acinar_Cell_Carcinoma_filtered_feature_bc_matrix.h5,20732080,https://cf.10xgenomics.com/samples/spatial-exp/1.3.0/Visium_FFPE_Human_Prostate_Acinar_Cell_Carcinoma/Visium_FFPE_Human_Prostate_Acinar_Cell_Carcinoma_spatial.tar.gz,9255705,https://cf.10xgenomics.com/samples/spatial-exp/1.3.0/Visium_FFPE_Human_Prostate_Acinar_Cell_Carcinoma/Visium_FFPE_Human_Prostate_Acinar_Cell_Carcinoma_image.tif,130381016,,0,
tenx_human_prostate_cancer_adjacent_normal_sectio,Visium,https://cf.10xgenomics.com/samples/spatial-exp/2.0.0/Visium_FFPE_Human_Prostate_IF/Visium_FFPE_Human_Prostate_IF,Visium_FFPE_Human_Prostate_IF,https://cf.10xgenomics.com/samples/spatial-exp/2.0.0/Visium_FFPE_Human_Prostate_IF/Visium_FFPE_Human_Prostate_IF_filtered_feature_bc_matrix.h5,19019470,https://cf.10xgenomics.com/samples/spatial-exp/2.0.0/Visium_FFPE_Human_Prostate_IF/Visium_FFPE_Human_Prostate_IF_spatial.tar.gz,7795802,https://cf.10xgenomics.com/samples/spatial-exp/2.0.0/Visium_FFPE_Human_Prostate_IF/Visium_FFPE_Human_Prostate_IF_image.tif,724852869,,0,
tenx_human_prostate_cancer_adjacent_normal_sectio_2,Visium,https://cf.10xgenomics.com/samples/spatial-exp/1.3.0/Visium_FFPE_Human_Prostate_IF/Visium_FFPE_Human_Prostate_IF,Visium_FFPE_Human_Prostate_IF,https://cf.10xgenomics.com/samples/spatial-exp/1.3.0/Visium_FFPE_Human_Prostate_IF/Visium_FFPE_Human_Prostate_IF_filtered_feature_bc_matrix.h5,19019470,https://cf.10xgenomics.com/samples/spatial-exp/1.3.0/Visium_FFPE_Human_Prostate_IF/Visium_FFPE_Human_Prostate_IF_spatial.tar.gz,7569960,https://cf.10xgenomics.com/samples/spatial-exp/1.3.0/Visium_FFPE_Human_Prostate_IF/Visium_FFPE_Human_Prostate_IF_image.tif,724852869,,0,
tenx_human_spinal_cord_targeted_neuroscience_pane,Visium,https://cf.10xgenomics.com/samples/spatial-exp/1.2.0/Targeted_Visium_Human_SpinalCord_Neuroscience/Targeted_Visium_Human_SpinalCord_Neuroscience,Targeted_Visium_Human_SpinalCord_Neuroscience,https://cf.10xgenomics.com/samples/spatial-exp/1.2.0/Targeted_Visium_Human_SpinalCord_Neuroscience/Targeted_Visium_Human_SpinalCord_Neuroscience_filtered_feature_bc_matrix.h5,779524,https://cf.10xgenomics.com/samples/spatial-exp/1.2.0/Targeted_Visium_Human_SpinalCord_Neuroscience/Targeted_Visium_Human_SpinalCord_Neuroscience_spatial.tar.gz,5763797,https://cf.10xgenomics.com/samples/spatial-exp/1.2.0/Targeted_Visium_Human_SpinalCord_Neuroscience/Targeted_Visium_Human_SpinalCord_Neuroscience_image.tif,158344966,,0,
tenx_human_spinal_cord_whole_transcriptome_analys,Visium,https://cf.10xgenomics.com/samples/spatial-exp/1.2.0/Parent_Visium_Human_SpinalCord/Parent_Visium_Human_SpinalCord,Parent_Visium_Human_SpinalCord,https://cf.10xgenomics.com/samples/spatial-exp/1.2.0/Parent_Visium_Human_SpinalCord/Parent_Visium_Human_SpinalCord_filtered_feature_bc_matrix.h5,9503857,https://cf.10xgenomics.com/samples/spatial-exp/1.2.0/Parent_Visium_Human_SpinalCord/Parent_Visium_Human_SpinalCord_spatial.tar.gz,5758197,https://cf.10xgenomics.com/samples/spatial-exp/1.2.0/Parent_Visium_Human_SpinalCord/Parent_Visium_Human_SpinalCord_image.tif,158344966,,0,
tenx_mouse_brain_section_coronal_1_standard_1_0_0,Visium,https://cf.10xgenomics.com/samples/spatial-exp/1.0.0/V1_Adult_Mouse_Brain/V1_Adult_Mouse_Brain,V1_Adult_Mouse_Brain,https://cf.10xgenomics.com/samples/spatial-exp/1.0.0/V1_Adult_Mouse_Brain/V1_Adult_Mouse_Brain_filtered_feature_bc_matrix.h5,20241832,https://cf.10xgenomics.com/samples/spatial-exp/1.0.0/V1_Adult_Mouse_Brain/V1_Adult_Mouse_Brain_spatial.tar.gz,9787578,https://cf.10xgenomics.com/samples/spatial-exp/1.0.0/V1_Adult_Mouse_Brain/V1_Adult_Mouse_Brain_image.tif,398415836,,0,
tenx_mouse_brain_serial_section_1_sagittal_poster,Visium,https://cf.10xgenomics.com/samples/spatial-exp/1.0.0/V1_Mouse_Brain_Sagittal_Posterior/V1_Mouse_Brain_Sagittal_Posterior,V1_Mouse_Brain_Sagittal_Posterior,https://cf.10xgenomics.com/samples/spatial-exp/1.0.0/V1_Mouse_Brain_Sagittal_Posterior/V1_Mouse_Brain_Sagittal_Posterior_filtered_feature_bc_matrix.h5,20183365,https://cf.10xgenomics.com/samples/spatial-exp/1.0.0/V1_Mouse_Brain_Sagittal_Posterior/V1_Mouse_Brain_Sagittal_Posterior_spatial.tar.gz,10659366,https://cf.10xgenomics.com/samples/spatial-exp/1.0.0/V1_Mouse_Brain_Sagittal_Posterior/V1_Mouse_Brain_Sagittal_Posterior_image.tif,404788982,,0,
tenx_mouse_brain_serial_section_2_sagittal_anteri,Visium,https://cf.10xgenomics.com/samples/spatial-exp/2.0.0/V1_Mouse_Brain_Sagittal_Anterior_Section_2/V1_Mouse_Brain_Sagittal_Anterior_Section_2,V1_Mouse_Brain_Sagittal_Anterior_Section_2,https://cf.10xgenomics.com/samples/spatial-exp/2.0.0/V1_Mouse_Brain_Sagittal_Anterior_Section_2/V1_Mouse_Brain_Sagittal_Anterior_Section_2_filtered_feature_bc_matrix.h5,19291045,https://cf.10xgenomics.com/samples/spatial-exp/2.0.0/V1_Mouse_Brain_Sagittal_Anterior_Section_2/V1_Mouse_Brain_Sagittal_Anterior_Section_2_spatial.tar.gz,9217330,https://cf.10xgenomics.com/samples/spatial-exp/2.0.0/V1_Mouse_Brain_Sagittal_Anterior_Section_2/V1_Mouse_Brain_Sagittal_Anterior_Section_2_image.tif,404788976,,0,
tenx_mouse_brain_serial_section_2_sagittal_anteri_2,Visium,https://cf.10xgenomics.com/samples/spatial-exp/1.1.0/V1_Mouse_Brain_Sagittal_Anterior_Section_2/V1_Mouse_Brain_Sagittal_Anterior_Section_2,V1_Mouse_Brain_Sagittal_Anterior_Section_2,https://cf.10xgenomics.com/samples/spatial-exp/1.1.0/V1_Mouse_Brain_Sagittal_Anterior_Section_2/V1_Mouse_Brain_Sagittal_Anterior_Section_2_filtered_feature_bc_matrix.h5,19297326,https://cf.10xgenomics.com/samples/spatial-exp/1.1.0/V1_Mouse_Brain_Sagittal_Anterior_Section_2/V1_Mouse_Brain_Sagittal_Anterior_Section_2_spatial.tar.gz,9419331,https://cf.10xgenomics.com/samples/spatial-exp/1.1.0/V1_Mouse_Brain_Sagittal_Anterior_Section_2/V1_Mouse_Brain_Sagittal_Anterior_Section_2_image.tif,404788976,,0,
tenx_mouse_brain_serial_section_2_sagittal_anteri_3,Visium,https://cf.10xgenomics.com/samples/spatial-exp/1.0.0/V1_Mouse_Brain_Sagittal_Anterior_Section_2/V1_Mouse_Brain_Sagittal_Anterior_Section_2,V1_Mouse_Brain_Sagittal_Anterior_Section_2,https://cf.10xgenomics.com/samples/spatial-exp/1.0.0/V1_Mouse_Brain_Sagittal_Anterior_Section_2/V1_Mouse_Brain_Sagittal_Anterior_Section_2_filtered_feature_bc_matrix.h5,18642329,https://cf.10xgenomics.com/samples/spatial-exp/1.0.0/V1_Mouse_Brain_Sagittal_Anterior_Section_2/V1_Mouse_Brain_Sagittal_Anterior_Section_2_spatial.tar.gz,10212784,https://cf.10xgenomics.com/samples/spatial-exp/1.0.0/V1_Mouse_Brain_Sagittal_Anterior_Section_2/V1_Mouse_Brain_Sagittal_Anterior_Section_2_image.tif,404788976,,0,
tenx_mouse_brain_serial_section_2_sagittal_poster,Visium,https://cf.10xgenomics.com/samples/spatial-exp/1.1.0/V1_Mouse_Brain_Sagittal_Posterior_Section_2/V1_Mouse_Brain_Sagittal_Posterior_Section_2,V1_Mouse_Brain_Sagittal_Posterior_Section_2,https://cf.10xgenomics.com/samples/spatial-exp/1.1.0/V1_Mouse_Brain_Sagittal_Posterior_Section_2/V1_Mouse_Brain_Sagittal_Posterior_Section_2_filtered_feature_bc_matrix.h5,19917713,https://cf.10xgenomics.com/samples/spatial-exp/1.1.0/V1_Mouse_Brain_Sagittal_Posterior_Section_2/V1_Mouse_Brain_Sagittal_Posterior_Section_2_spatial.tar.gz,9710456,https://cf.10xgenomics.com/samples/spatial-exp/1.1.0/V1_Mouse_Brain_Sagittal_Posterior_Section_2/V1_Mouse_Brain_Sagittal_Posterior_Section_2_image.tif,404788976,,0,
tenx_mouse_brain_serial_section_2_sagittal_poster_2,Visium,https://cf.10xgenomics.com/samples/spatial-exp/1.0.0/V1_Mouse_Brain_Sagittal_Posterior_Section_2/V1_Mouse_Brain_Sagittal_Posterior_Section_2,V1_Mouse_Brain_Sagittal_Posterior_Section_2,https://cf.10xgenomics.com/samples/spatial-exp/1.0.0/V1_Mouse_Brain_Sagittal_Posterior_Section_2/V1_Mouse_Brain_Sagittal_Posterior_Section_2_filtered_feature_bc_matrix.h5,19193917,https://cf.10xgenomics.com/samples/spatial-exp/1.0.0/V1_Mouse_Brain_Sagittal_Posterior_Section_2/V1_Mouse_Brain_Sagittal_Posterior_Section_2_spatial.tar.gz,10549891,https://cf.10xgenomics.com/samples/spatial-exp/1.0.0/V1_Mouse_Brain_Sagittal_Posterior_Section_2/V1_Mouse_Brain_Sagittal_Posterior_Section_2_image.tif,404788976,,0,
tenx_mouse_embryo_11_mm_capture_area_ffpe_2_stand,Visium,https://cf.10xgenomics.com/samples/spatial-exp/2.0.0/CytAssist_11mm_FFPE_Mouse_Embryo/CytAssist_11mm_FFPE_Mouse_Embryo,CytAssist_11mm_FFPE_Mouse_Embryo,https://cf.10xgenomics.com/samples/spatial-exp/2.0.0/CytAssist_11mm_FFPE_Mouse_Embryo/CytAssist_11mm_FFPE_Mouse_Embryo_filtered_feature_bc_matrix.h5,61995358,https://cf.10xgenomics.com/samples/spatial-exp/2.0.0/CytAssist_11mm_FFPE_Mouse_Embryo/CytAssist_11mm_FFPE_Mouse_Embryo_spatial.tar.gz,36805709,https://cf.10xgenomics.com/samples/spatial-exp/2.0.0/CytAssist_11mm_FFPE_Mouse_Embryo/CytAssist_11mm_FFPE_Mouse_Embryo_tissue_image.tif,7023040250,,0,
tenx_mouse_kidney_section_coronal_1_standard_1_0_,Visium,https://cf.10xgenomics.com/samples/spatial-exp/1.0.0/V1_Mouse_Kidney/V1_Mouse_Kidney,V1_Mouse_Kidney,https://cf.10xgenomics.com/samples/spatial-exp/1.0.0/V1_Mouse_Kidney/V1_Mouse_Kidney_filtered_feature_bc_matrix.h5,10785331,https://cf.10xgenomics.com/samples/spatial-exp/1.0.0/V1_Mouse_Kidney/V1_Mouse_Kidney_spatial.tar.gz,8531653,https://cf.10xgenomics.com/samples/spatial-exp/1.0.0/V1_Mouse_Kidney/V1_Mouse_Kidney_image.tif,383393847,,0,
tenx_normal_human_prostate_ffpe_1_standard_1_3_0,Visium,https://cf.10xgenomics.com/samples/spatial-exp/1.3.0/Visium_FFPE_Human_Normal_Prostate/Visium_FFPE_Human_Normal_Prostate,Visium_FFPE_Human_Normal_Prostate,https://cf.10xgenomics.com/samples/spatial-exp/1.3.0/Visium_FFPE_Human_Normal_Prostate/Visium_FFPE_Human_Normal_Prostate_filtered_feature_bc_matrix.h5,9306124,https://cf.10xgenomics.com/samples/spatial-exp/1.3.0/Visium_FFPE_Human_Normal_Prostate/Visium_FFPE_Human_Normal_Prostate_spatial.tar.gz,12961070,https://cf.10xgenomics.com/samples/spatial-exp/1.3.0/Visium_FFPE_Human_Normal_Prostate/Visium_FFPE_Human_Normal_Prostate_image.jpg,369729329,,0,
tenx_preservation_method_comparison_on_visium_cyt,Visium,https://cf.10xgenomics.com/samples/spatial-exp/2.1.0/CytAssist_Fixed_Frozen_Sagittal_Mouse_Brain/CytAssist_Fixed_Frozen_Sagittal_Mouse_Brain,CytAssist_Fixed_Frozen_Sagittal_Mouse_Brain,https://cf.10xgenomics.com/samples/spatial-exp/2.1.0/CytAssist_Fixed_Frozen_Sagittal_Mouse_Brain/CytAssist_Fixed_Frozen_Sagittal_Mouse_Brain_filtered_feature_bc_matrix.h5,45402987,https://cf.10xgenomics.com/samples/spatial-exp/2.1.0/CytAssist_Fixed_Frozen_Sagittal_Mouse_Brain/CytAssist_Fixed_Frozen_Sagittal_Mouse_Brain_spatial.tar.gz,34147149,https://cf.10xgenomics.com/samples/spatial-exp/2.1.0/CytAssist_Fixed_Frozen_Sagittal_Mouse_Brain/CytAssist_Fixed_Frozen_Sagittal_Mouse_Brain_tissue_image.tif,4866558150,,0,
tenx_preservation_method_comparison_on_visium_cyt_2,Visium,https://cf.10xgenomics.com/samples/spatial-exp/2.1.0/CytAssist_Fresh_Frozen_Sagittal_Mouse_Brain/CytAssist_Fresh_Frozen_Sagittal_Mouse_Brain,CytAssist_Fresh_Frozen_Sagittal_Mouse_Brain,https://cf.10xgenomics.com/samples/spatial-exp/2.1.0/CytAssist_Fresh_Frozen_Sagittal_Mouse_Brain/CytAssist_Fresh_Frozen_Sagittal_Mouse_Brain_filtered_feature_bc_matrix.h5,51662006,https://cf.10xgenomics.com/samples/spatial-exp/2.1.0/CytAssist_Fresh_Frozen_Sagittal_Mouse_Brain/CytAssist_Fresh_Frozen_Sagittal_Mouse_Brain_spatial.tar.gz,32637161,https://cf.10xgenomics.com/samples/spatial-exp/2.1.0/CytAssist_Fresh_Frozen_Sagittal_Mouse_Brain/CytAssist_Fresh_Frozen_Sagittal_Mouse_Brain_tissue_image.tif,5152823762,,0,
tenx_preservation_method_comparison_on_visium_cyt_3,Visium,https://cf.10xgenomics.com/samples/spatial-exp/2.1.0/CytAssist_FFPE_Sagittal_Mouse_Brain/CytAssist_FFPE_Sagittal_Mouse_Brain,CytAssist_FFPE_Sagittal_Mouse_Brain,https://cf.10xgenomics.com/samples/spatial-exp/2.1.0/CytAssist_FFPE_Sagittal_Mouse_Brain/CytAssist_FFPE_Sagittal_Mouse_Brain_filtered_feature_bc_matrix.h5,49368890,https://cf.10xgenomics.com/samples/spatial-exp/2.1.0/CytAssist_FFPE_Sagittal_Mouse_Brain/CytAssist_FFPE_Sagittal_Mouse_Brain_spatial.tar.gz,35584792,https://cf.10xgenomics.com/samples/spatial-exp/2.1.0/CytAssist_FFPE_Sagittal_Mouse_Brain/CytAssist_FFPE_Sagittal_Mouse_Brain_tissue_image.tif,6649426708,,0,
tenx_visium_cytassist_gene_expression_libraries_o,Visium,https://cf.10xgenomics.com/samples/spatial-exp/2.1.0/CytAssist_FFPE_Human_Colon_Post_Xenium_Rep2/CytAssist_FFPE_Human_Colon_Post_Xenium_Rep2,CytAssist_FFPE_Human_Colon_Post_Xenium_Rep2,https://cf.10xgenomics.com/samples/spatial-exp/2.1.0/CytAssist_FFPE_Human_Colon_Post_Xenium_Rep2/CytAssist_FFPE_Human_Colon_Post_Xenium_Rep2_filtered_feature_bc_matrix.h5,26162269,https://cf.10xgenomics.com/samples/spatial-exp/2.1.0/CytAssist_FFPE_Human_Colon_Post_Xenium_Rep2/CytAssist_FFPE_Human_Colon_Post_Xenium_Rep2_spatial.tar.gz,37499951,https://cf.10xgenomics.com/samples/spatial-exp/2.1.0/CytAssist_FFPE_Human_Colon_Post_Xenium_Rep2/CytAssist_FFPE_Human_Colon_Post_Xenium_Rep2_tissue_image.btf,3287434897,,0,
tenx_visium_cytassist_gene_expression_libraries_o_2,Visium,https://cf.10xgenomics.com/samples/spatial-exp/2.1.0/CytAssist_FreshFrozen_Mouse_Brain_Rep1/CytAssist_FreshFrozen_Mouse_Brain_Rep1,CytAssist_FreshFrozen_Mouse_Brain_Rep1,https://cf.10xgenomics.com/samples/spatial-exp/2.1.0/CytAssist_FreshFrozen_Mouse_Brain_Rep1/CytAssist_FreshFrozen_Mouse_Brain_Rep1_filtered_feature_bc_matrix.h5,37578242,https://cf.10xgenomics.com/samples/spatial-exp/2.1.0/CytAssist_FreshFrozen_Mouse_Brain_Rep1/CytAssist_FreshFrozen_Mouse_Brain_Rep1_spatial.tar.gz,35164883,https://cf.10xgenomics.com/samples/spatial-exp/2.1.0/CytAssist_FreshFrozen_Mouse_Brain_Rep1/CytAssist_FreshFrozen_Mouse_Brain_Rep1_tissue_image.btf,2640988662,,0,
tenx_visium_cytassist_mouse_embryo_11_mm_capture_,Visium,https://cf.10xgenomics.com/samples/spatial-exp/2.1.0/CytAssist_11mm_FFPE_Mouse_Embryo/CytAssist_11mm_FFPE_Mouse_Embryo,CytAssist_11mm_FFPE_Mouse_Embryo,https://cf.10xgenomics.com/samples/spatial-exp/2.1.0/CytAssist_11mm_FFPE_Mouse_Embryo/CytAssist_11mm_FFPE_Mouse_Embryo_filtered_feature_bc_matrix.h5,61943842,https://cf.10xgenomics.com/samples/spatial-exp/2.1.0/CytAssist_11mm_FFPE_Mouse_Embryo/CytAssist_11mm_FFPE_Mouse_Embryo_spatial.tar.gz,36799934,https://cf.10xgenomics.com/samples/spatial-exp/2.1.0/CytAssist_11mm_FFPE_Mouse_Embryo/CytAssist_11mm_FFPE_Mouse_Embryo_tissue_image.tif,7023040250,,0,
tenx_visium_v2_human_lymph_node,Visium,https://cf.10xgenomics.com/samples/spatial-exp/3.1.3/Visium_V2_Human_Lymph_Node/Visium_V2_Human_Lymph_Node,Visium_V2_Human_Lymph_Node,https://cf.10xgenomics.com/samples/spatial-exp/3.1.3/Visium_V2_Human_Lymph_Node/Visium_V2_Human_Lymph_Node_filtered_feature_bc_matrix.h5,34548585,https://cf.10xgenomics.com/samples/spatial-exp/3.1.3/Visium_V2_Human_Lymph_Node/Visium_V2_Human_Lymph_Node_spatial.tar.gz,35139119,https://cf.10xgenomics.com/samples/spatial-exp/3.1.3/Visium_V2_Human_Lymph_Node/Visium_V2_Human_Lymph_Node_tissue_image.tif,8499142850,,0,
tenx_visium_hd_cytassist_11mm_human_breast_cancer,Visium HD,https://cf.10xgenomics.com/samples/spatial-exp/4.1.0/Visium_HD_11mm_Human_Breast_Cancer/Visium_HD_11mm_Human_Breast_Cancer,Visium_HD_11mm_Human_Breast_Cancer,,0,,0,https://cf.10xgenomics.com/samples/spatial-exp/4.1.0/Visium_HD_11mm_Human_Breast_Cancer/Visium_HD_11mm_Human_Breast_Cancer_tissue_image.btf,5739510784,https://cf.10xgenomics.com/samples/spatial-exp/4.1.0/Visium_HD_11mm_Human_Breast_Cancer/Visium_HD_11mm_Human_Breast_Cancer_binned_outputs.tar.gz,25773911640,
tenx_visium_hd_cytassist_11mm_human_breast_cancer_2,Visium HD,https://cf.10xgenomics.com/samples/spatial-exp/4.1.0/Visium_HD_11mm_Human_Breast_Cancer_TMA/Visium_HD_11mm_Human_Breast_Cancer_TMA,Visium_HD_11mm_Human_Breast_Cancer_TMA,,0,,0,https://cf.10xgenomics.com/samples/spatial-exp/4.1.0/Visium_HD_11mm_Human_Breast_Cancer_TMA/Visium_HD_11mm_Human_Breast_Cancer_TMA_tissue_image.btf,24486762842,https://cf.10xgenomics.com/samples/spatial-exp/4.1.0/Visium_HD_11mm_Human_Breast_Cancer_TMA/Visium_HD_11mm_Human_Breast_Cancer_TMA_binned_outputs.tar.gz,15354506868,
tenx_visium_hd_cytassist_11mm_human_pancreas,Visium HD,https://cf.10xgenomics.com/samples/spatial-exp/4.1.0/Visium_HD_11mm_Human_Pancreas/Visium_HD_11mm_Human_Pancreas,Visium_HD_11mm_Human_Pancreas,,0,,0,https://cf.10xgenomics.com/samples/spatial-exp/4.1.0/Visium_HD_11mm_Human_Pancreas/Visium_HD_11mm_Human_Pancreas_tissue_image.btf,4651858768,https://cf.10xgenomics.com/samples/spatial-exp/4.1.0/Visium_HD_11mm_Human_Pancreas/Visium_HD_11mm_Human_Pancreas_binned_outputs.tar.gz,30470696327,
tenx_visium_hd_cytassist_11mm_mouse_embryo,Visium HD,https://cf.10xgenomics.com/samples/spatial-exp/4.1.0/Visium_HD_11mm_Mouse_Embryo/Visium_HD_11mm_Mouse_Embryo,Visium_HD_11mm_Mouse_Embryo,,0,,0,https://cf.10xgenomics.com/samples/spatial-exp/4.1.0/Visium_HD_11mm_Mouse_Embryo/Visium_HD_11mm_Mouse_Embryo_tissue_image.btf,5209447689,https://cf.10xgenomics.com/samples/spatial-exp/4.1.0/Visium_HD_11mm_Mouse_Embryo/Visium_HD_11mm_Mouse_Embryo_binned_outputs.tar.gz,27277539261,
tenx_visium_hd_cytassist_6p5mm_human_brain_cancer,Visium HD,https://cf.10xgenomics.com/samples/spatial-exp/4.1.0/Visium_HD_6p5mm_Human_Brain_Cancer/Visium_HD_6p5mm_Human_Brain_Cancer,Visium_HD_6p5mm_Human_Brain_Cancer,,0,,0,https://cf.10xgenomics.com/samples/spatial-exp/4.1.0/Visium_HD_6p5mm_Human_Brain_Cancer/Visium_HD_6p5mm_Human_Brain_Cancer_tissue_image.btf,2830454629,https://cf.10xgenomics.com/samples/spatial-exp/4.1.0/Visium_HD_6p5mm_Human_Brain_Cancer/Visium_HD_6p5mm_Human_Brain_Cancer_binned_outputs.tar.gz,7332055933,
tenx_visium_hd_cytassist_6p5mm_human_colon_cancer,Visium HD,https://cf.10xgenomics.com/samples/spatial-exp/4.1.0/Visium_HD_6p5mm_Human_Colon_Cancer/Visium_HD_6p5mm_Human_Colon_Cancer,Visium_HD_6p5mm_Human_Colon_Cancer,,0,,0,https://cf.10xgenomics.com/samples/spatial-exp/4.1.0/Visium_HD_6p5mm_Human_Colon_Cancer/Visium_HD_6p5mm_Human_Colon_Cancer_tissue_image.btf,7033997652,https://cf.10xgenomics.com/samples/spatial-exp/4.1.0/Visium_HD_6p5mm_Human_Colon_Cancer/Visium_HD_6p5mm_Human_Colon_Cancer_binned_outputs.tar.gz,7820274492,
tenx_visium_hd_cytassist_6p5mm_human_heart,Visium HD,https://cf.10xgenomics.com/samples/spatial-exp/4.1.0/Visium_HD_6p5mm_Human_Heart/Visium_HD_6p5mm_Human_Heart,Visium_HD_6p5mm_Human_Heart,,0,,0,https://cf.10xgenomics.com/samples/spatial-exp/4.1.0/Visium_HD_6p5mm_Human_Heart/Visium_HD_6p5mm_Human_Heart_tissue_image.btf,5813436731,https://cf.10xgenomics.com/samples/spatial-exp/4.1.0/Visium_HD_6p5mm_Human_Heart/Visium_HD_6p5mm_Human_Heart_binned_outputs.tar.gz,6079689026,
tenx_visium_hd_cytassist_6p5mm_mouse_brain,Visium HD,https://cf.10xgenomics.com/samples/spatial-exp/4.1.0/Visium_HD_6p5mm_Mouse_Brain/Visium_HD_6p5mm_Mouse_Brain,Visium_HD_6p5mm_Mouse_Brain,,0,,0,https://cf.10xgenomics.com/samples/spatial-exp/4.1.0/Visium_HD_6p5mm_Mouse_Brain/Visium_HD_6p5mm_Mouse_Brain_tissue_image.btf,1522598217,https://cf.10xgenomics.com/samples/spatial-exp/4.1.0/Visium_HD_6p5mm_Mouse_Brain/Visium_HD_6p5mm_Mouse_Brain_binned_outputs.tar.gz,8572829862,
tenx_visium_hd_cytassist_6p5mm_rat_liver,Visium HD,https://cf.10xgenomics.com/samples/spatial-exp/4.1.0/Visium_HD_6p5mm_Rat_Liver/Visium_HD_6p5mm_Rat_Liver,Visium_HD_6p5mm_Rat_Liver,,0,,0,https://cf.10xgenomics.com/samples/spatial-exp/4.1.0/Visium_HD_6p5mm_Rat_Liver/Visium_HD_6p5mm_Rat_Liver_tissue_image.btf,4846110424,https://cf.10xgenomics.com/samples/spatial-exp/4.1.0/Visium_HD_6p5mm_Rat_Liver/Visium_HD_6p5mm_Rat_Liver_binned_outputs.tar.gz,13781189419,
tenx_visium_hd_cytassist_gene_expression_human_lu,Visium HD,https://cf.10xgenomics.com/samples/spatial-exp/3.1.1/Visium_HD_Human_Lung_Cancer_Fixed_Frozen/Visium_HD_Human_Lung_Cancer_Fixed_Frozen,Visium_HD_Human_Lung_Cancer_Fixed_Frozen,,0,,0,https://cf.10xgenomics.com/samples/spatial-exp/3.1.1/Visium_HD_Human_Lung_Cancer_Fixed_Frozen/Visium_HD_Human_Lung_Cancer_Fixed_Frozen_tissue_image.btf,4964863489,https://cf.10xgenomics.com/samples/spatial-exp/3.1.1/Visium_HD_Human_Lung_Cancer_Fixed_Frozen/Visium_HD_Human_Lung_Cancer_Fixed_Frozen_binned_outputs.tar.gz,8856987245,
tenx_visium_hd_cytassist_gene_expression_human_to,Visium HD,https://cf.10xgenomics.com/samples/spatial-exp/3.1.1/Visium_HD_Human_Tonsil_Fresh_Frozen/Visium_HD_Human_Tonsil_Fresh_Frozen,Visium_HD_Human_Tonsil_Fresh_Frozen,,0,,0,https://cf.10xgenomics.com/samples/spatial-exp/3.1.1/Visium_HD_Human_Tonsil_Fresh_Frozen/Visium_HD_Human_Tonsil_Fresh_Frozen_tissue_image.tif,8053229042,https://cf.10xgenomics.com/samples/spatial-exp/3.1.1/Visium_HD_Human_Tonsil_Fresh_Frozen/Visium_HD_Human_Tonsil_Fresh_Frozen_binned_outputs.tar.gz,17418358108,
tenx_visium_hd_cytassist_gene_expression_human_to_2,Visium HD,https://cf.10xgenomics.com/samples/spatial-exp/3.1.1/Visium_HD_Human_Tonsil_Fresh_Frozen_IF/Visium_HD_Human_Tonsil_Fresh_Frozen_IF,Visium_HD_Human_Tonsil_Fresh_Frozen_IF,,0,,0,https://cf.10xgenomics.com/samples/spatial-exp/3.1.1/Visium_HD_Human_Tonsil_Fresh_Frozen_IF/Visium_HD_Human_Tonsil_Fresh_Frozen_IF_tissue_image.tif,5452771832,https://cf.10xgenomics.com/samples/spatial-exp/3.1.1/Visium_HD_Human_Tonsil_Fresh_Frozen_IF/Visium_HD_Human_Tonsil_Fresh_Frozen_IF_binned_outputs.tar.gz,12045690668,
tenx_visium_hd_cytassist_gene_expression_librarie,Visium HD,https://cf.10xgenomics.com/samples/spatial-exp/4.0.1/Visium_HD_FF_Human_Breast_Cancer/Visium_HD_FF_Human_Breast_Cancer,Visium_HD_FF_Human_Breast_Cancer,,0,,0,https://cf.10xgenomics.com/samples/spatial-exp/4.0.1/Visium_HD_FF_Human_Breast_Cancer/Visium_HD_FF_Human_Breast_Cancer_tissue_image.tif,704236401,https://cf.10xgenomics.com/samples/spatial-exp/4.0.1/Visium_HD_FF_Human_Breast_Cancer/Visium_HD_FF_Human_Breast_Cancer_binned_outputs.tar.gz,20119433416,
tenx_visium_hd_cytassist_gene_expression_librarie_10,Visium HD,https://cf.10xgenomics.com/samples/spatial-exp/3.1.2/Visium_HD_FF_Human_Breast_Cancer/Visium_HD_FF_Human_Breast_Cancer,Visium_HD_FF_Human_Breast_Cancer,,0,,0,https://cf.10xgenomics.com/samples/spatial-exp/3.1.2/Visium_HD_FF_Human_Breast_Cancer/Visium_HD_FF_Human_Breast_Cancer_tissue_image.tif,704236401,https://cf.10xgenomics.com/samples/spatial-exp/3.1.2/Visium_HD_FF_Human_Breast_Cancer/Visium_HD_FF_Human_Breast_Cancer_binned_outputs.tar.gz,20044531390,
tenx_visium_hd_cytassist_gene_expression_librarie_11,Visium HD,https://cf.10xgenomics.com/samples/spatial-exp/3.1.2/Visium_HD_FF_Human_Tonsil/Visium_HD_FF_Human_Tonsil,Visium_HD_FF_Human_Tonsil,,0,,0,https://cf.10xgenomics.com/samples/spatial-exp/3.1.2/Visium_HD_FF_Human_Tonsil/Visium_HD_FF_Human_Tonsil_tissue_image.tif,801747985,https://cf.10xgenomics.com/samples/spatial-exp/3.1.2/Visium_HD_FF_Human_Tonsil/Visium_HD_FF_Human_Tonsil_binned_outputs.tar.gz,19515076989,
tenx_visium_hd_cytassist_gene_expression_librarie_12,Visium HD,https://cf.10xgenomics.com/samples/spatial-exp/3.1.2/Visium_HD_Human_Breast_Cancer_FFPE/Visium_HD_Human_Breast_Cancer_FFPE,Visium_HD_Human_Breast_Cancer_FFPE,,0,,0,https://cf.10xgenomics.com/samples/spatial-exp/3.1.2/Visium_HD_Human_Breast_Cancer_FFPE/Visium_HD_Human_Breast_Cancer_FFPE_tissue_image.btf,4010944160,https://cf.10xgenomics.com/samples/spatial-exp/3.1.2/Visium_HD_Human_Breast_Cancer_FFPE/Visium_HD_Human_Breast_Cancer_FFPE_binned_outputs.tar.gz,6748255394,
tenx_visium_hd_cytassist_gene_expression_librarie_13,Visium HD,https://cf.10xgenomics.com/samples/spatial-exp/3.0.0/Visium_HD_Human_Pancreas/Visium_HD_Human_Pancreas,Visium_HD_Human_Pancreas,,0,,0,https://cf.10xgenomics.com/samples/spatial-exp/3.0.0/Visium_HD_Human_Pancreas/Visium_HD_Human_Pancreas_tissue_image.btf,8022557702,https://cf.10xgenomics.com/samples/spatial-exp/3.0.0/Visium_HD_Human_Pancreas/Visium_HD_Human_Pancreas_binned_outputs.tar.gz,8046375772,
tenx_visium_hd_cytassist_gene_expression_librarie_14,Visium HD,https://cf.10xgenomics.com/samples/spatial-exp/3.0.0/Visium_HD_Mouse_Embryo/Visium_HD_Mouse_Embryo,Visium_HD_Mouse_Embryo,,0,,0,https://cf.10xgenomics.com/samples/spatial-exp/3.0.0/Visium_HD_Mouse_Embryo/Visium_HD_Mouse_Embryo_tissue_image.btf,2080973317,https://cf.10xgenomics.com/samples/spatial-exp/3.0.0/Visium_HD_Mouse_Embryo/Visium_HD_Mouse_Embryo_binned_outputs.tar.gz,9808678337,
tenx_visium_hd_cytassist_gene_expression_librarie_15,Visium HD,https://cf.10xgenomics.com/samples/spatial-exp/3.0.0/Visium_HD_Mouse_Kidney/Visium_HD_Mouse_Kidney,Visium_HD_Mouse_Kidney,,0,,0,https://cf.10xgenomics.com/samples/spatial-exp/3.0.0/Visium_HD_Mouse_Kidney/Visium_HD_Mouse_Kidney_tissue_image.btf,2542615745,https://cf.10xgenomics.com/samples/spatial-exp/3.0.0/Visium_HD_Mouse_Kidney/Visium_HD_Mouse_Kidney_binned_outputs.tar.gz,9474823404,
tenx_visium_hd_cytassist_gene_expression_librarie_16,Visium HD,https://cf.10xgenomics.com/samples/spatial-exp/3.0.0/Visium_HD_Human_Lung_Cancer/Visium_HD_Human_Lung_Cancer,Visium_HD_Human_Lung_Cancer,,0,,0,https://cf.10xgenomics.com/samples/spatial-exp/3.0.0/Visium_HD_Human_Lung_Cancer/Visium_HD_Human_Lung_Cancer_tissue_image.tif,3070055568,https://cf.10xgenomics.com/samples/spatial-exp/3.0.0/Visium_HD_Human_Lung_Cancer/Visium_HD_Human_Lung_Cancer_binned_outputs.tar.gz,11593832742,
tenx_visium_hd_cytassist_gene_expression_librarie_17,Visium HD,https://cf.10xgenomics.com/samples/spatial-exp/3.0.0/Visium_HD_Human_Colon_Cancer/Visium_HD_Human_Colon_Cancer,Visium_HD_Human_Colon_Cancer,,0,,0,https://cf.10xgenomics.com/samples/spatial-exp/3.0.0/Visium_HD_Human_Colon_Cancer/Visium_HD_Human_Colon_Cancer_tissue_image.btf,11098424743,https://cf.10xgenomics.com/samples/spatial-exp/3.0.0/Visium_HD_Human_Colon_Cancer/Visium_HD_Human_Colon_Cancer_binned_outputs.tar.gz,15886623172,
tenx_visium_hd_cytassist_gene_expression_librarie_2,Visium HD,https://cf.10xgenomics.com/samples/spatial-exp/4.0.1/Visium_HD_Human_Pancreas/Visium_HD_Human_Pancreas,Visium_HD_Human_Pancreas,,0,,0,https://cf.10xgenomics.com/samples/spatial-exp/4.0.1/Visium_HD_Human_Pancreas/Visium_HD_Human_Pancreas_tissue_image.btf,8022557702,https://cf.10xgenomics.com/samples/spatial-exp/4.0.1/Visium_HD_Human_Pancreas/Visium_HD_Human_Pancreas_binned_outputs.tar.gz,8050609079,
tenx_visium_hd_cytassist_gene_expression_librarie_3,Visium HD,https://cf.10xgenomics.com/samples/spatial-exp/4.0.1/Visium_HD_Human_Kidney_FFPE/Visium_HD_Human_Kidney_FFPE,Visium_HD_Human_Kidney_FFPE,,0,,0,https://cf.10xgenomics.com/samples/spatial-exp/4.0.1/Visium_HD_Human_Kidney_FFPE/Visium_HD_Human_Kidney_FFPE_tissue_image.btf,4328630264,https://cf.10xgenomics.com/samples/spatial-exp/4.0.1/Visium_HD_Human_Kidney_FFPE/Visium_HD_Human_Kidney_FFPE_binned_outputs.tar.gz,6441848464,
tenx_visium_hd_cytassist_gene_expression_librarie_4,Visium HD,https://cf.10xgenomics.com/samples/spatial-exp/4.0.1/Visium_HD_Human_Lymph_Node_FFPE/Visium_HD_Human_Lymph_Node_FFPE,Visium_HD_Human_Lymph_Node_FFPE,,0,,0,https://cf.10xgenomics.com/samples/spatial-exp/4.0.1/Visium_HD_Human_Lymph_Node_FFPE/Visium_HD_Human_Lymph_Node_FFPE_tissue_image.tif,2218305037,https://cf.10xgenomics.com/samples/spatial-exp/4.0.1/Visium_HD_Human_Lymph_Node_FFPE/Visium_HD_Human_Lymph_Node_FFPE_binned_outputs.tar.gz,2783809559,
tenx_visium_hd_cytassist_gene_expression_librarie_5,Visium HD,https://cf.10xgenomics.com/samples/spatial-exp/4.0.1/Visium_HD_Human_Colon_Cancer/Visium_HD_Human_Colon_Cancer,Visium_HD_Human_Colon_Cancer,,0,,0,https://cf.10xgenomics.com/samples/spatial-exp/4.0.1/Visium_HD_Human_Colon_Cancer/Visium_HD_Human_Colon_Cancer_tissue_image.btf,11098424743,https://cf.10xgenomics.com/samples/spatial-exp/4.0.1/Visium_HD_Human_Colon_Cancer/Visium_HD_Human_Colon_Cancer_binned_outputs.tar.gz,15912158814,
tenx_visium_hd_cytassist_gene_expression_librarie_6,Visium HD,https://cf.10xgenomics.com/samples/spatial-exp/4.0.1/Visium_HD_Mouse_Kidney/Visium_HD_Mouse_Kidney,Visium_HD_Mouse_Kidney,,0,,0,https://cf.10xgenomics.com/samples/spatial-exp/4.0.1/Visium_HD_Mouse_Kidney/Visium_HD_Mouse_Kidney_tissue_image.btf,2542615745,https://cf.10xgenomics.com/samples/spatial-exp/4.0.1/Visium_HD_Mouse_Kidney/Visium_HD_Mouse_Kidney_binned_outputs.tar.gz,9480569537,
tenx_visium_hd_cytassist_gene_expression_librarie_7,Visium HD,https://cf.10xgenomics.com/samples/spatial-exp/4.0.1/Visium_HD_Human_Prostate_Cancer_FFPE/Visium_HD_Human_Prostate_Cancer_FFPE,Visium_HD_Human_Prostate_Cancer_FFPE,,0,,0,https://cf.10xgenomics.com/samples/spatial-exp/4.0.1/Visium_HD_Human_Prostate_Cancer_FFPE/Visium_HD_Human_Prostate_Cancer_FFPE_tissue_image.tif,2107388773,https://cf.10xgenomics.com/samples/spatial-exp/4.0.1/Visium_HD_Human_Prostate_Cancer_FFPE/Visium_HD_Human_Prostate_Cancer_FFPE_binned_outputs.tar.gz,3459153268,
tenx_visium_hd_cytassist_gene_expression_librarie_8,Visium HD,https://cf.10xgenomics.com/samples/spatial-exp/4.0.1/Visium_HD_Mouse_Embryo/Visium_HD_Mouse_Embryo,Visium_HD_Mouse_Embryo,,0,,0,https://cf.10xgenomics.com/samples/spatial-exp/4.0.1/Visium_HD_Mouse_Embryo/Visium_HD_Mouse_Embryo_tissue_image.btf,2080973317,https://cf.10xgenomics.com/samples/spatial-exp/4.0.1/Visium_HD_Mouse_Embryo/Visium_HD_Mouse_Embryo_binned_outputs.tar.gz,9827001232,
tenx_visium_hd_cytassist_gene_expression_librarie_9,Visium HD,https://cf.10xgenomics.com/samples/spatial-exp/3.1.2/Visium_HD_Human_Kidney_FFPE/Visium_HD_Human_Kidney_FFPE,Visium_HD_Human_Kidney_FFPE,,0,,0,https://cf.10xgenomics.com/samples/spatial-exp/3.1.2/Visium_HD_Human_Kidney_FFPE/Visium_HD_Human_Kidney_FFPE_tissue_image.tif,4328630264,https://cf.10xgenomics.com/samples/spatial-exp/3.1.2/Visium_HD_Human_Kidney_FFPE/Visium_HD_Human_Kidney_FFPE_binned_outputs.tar.gz,6432611994,
tenx_visium_hd_cytassist_gene_expression_mouse_lu,Visium HD,https://cf.10xgenomics.com/samples/spatial-exp/3.1.1/Visium_HD_Mouse_Lung_Fresh_Frozen/Visium_HD_Mouse_Lung_Fresh_Frozen,Visium_HD_Mouse_Lung_Fresh_Frozen,,0,,0,https://cf.10xgenomics.com/samples/spatial-exp/3.1.1/Visium_HD_Mouse_Lung_Fresh_Frozen/Visium_HD_Mouse_Lung_Fresh_Frozen_tissue_image.tif,6901088572,https://cf.10xgenomics.com/samples/spatial-exp/3.1.1/Visium_HD_Mouse_Lung_Fresh_Frozen/Visium_HD_Mouse_Lung_Fresh_Frozen_binned_outputs.tar.gz,14957687150,
tenx_visium_hd_cytassist_gene_expression_ovarian_,Visium HD,https://cf.10xgenomics.com/samples/spatial-exp/4.0.1/Visium_HD_Human_Ovarian_Cancer_FF/Visium_HD_Human_Ovarian_Cancer_FF,Visium_HD_Human_Ovarian_Cancer_FF,,0,,0,https://cf.10xgenomics.com/samples/spatial-exp/4.0.1/Visium_HD_Human_Ovarian_Cancer_FF/Visium_HD_Human_Ovarian_Cancer_FF_tissue_image.btf,2312188392,https://cf.10xgenomics.com/samples/spatial-exp/4.0.1/Visium_HD_Human_Ovarian_Cancer_FF/Visium_HD_Human_Ovarian_Cancer_FF_binned_outputs.tar.gz,23648788575,
tenx_visium_hd_three_prime_human_lymph_node_fresh,Visium HD,https://cf.10xgenomics.com/samples/spatial-exp/4.1.0/Visium_HD_3prime_Human_Lymph_Node/Visium_HD_3prime_Human_Lymph_Node,Visium_HD_3prime_Human_Lymph_Node,,0,,0,https://cf.10xgenomics.com/samples/spatial-exp/4.1.0/Visium_HD_3prime_Human_Lymph_Node/Visium_HD_3prime_Human_Lymph_Node_tissue_image.btf,3693969871,https://cf.10xgenomics.com/samples/spatial-exp/4.1.0/Visium_HD_3prime_Human_Lymph_Node/Visium_HD_3prime_Human_Lymph_Node_binned_outputs.tar.gz,5221324830,
tenx_visium_hd_three_prime_human_pancreatic_cance,Visium HD,https://cf.10xgenomics.com/samples/spatial-exp/4.0.1/Visium_HD_3prime_Human_Pancreatic_Cancer/Visium_HD_3prime_Human_Pancreatic_Cancer,Visium_HD_3prime_Human_Pancreatic_Cancer,,0,,0,https://cf.10xgenomics.com/samples/spatial-exp/4.0.1/Visium_HD_3prime_Human_Pancreatic_Cancer/Visium_HD_3prime_Human_Pancreatic_Cancer_tissue_image.btf,6794918853,https://cf.10xgenomics.com/samples/spatial-exp/4.0.1/Visium_HD_3prime_Human_Pancreatic_Cancer/Visium_HD_3prime_Human_Pancreatic_Cancer_binned_outputs.tar.gz,7666630616,
tenx_visium_hd_three_prime_human_tonsil_fresh_fro,Visium HD,https://cf.10xgenomics.com/samples/spatial-exp/4.1.0/Visium_HD_3prime_Human_Tonsil/Visium_HD_3prime_Human_Tonsil,Visium_HD_3prime_Human_Tonsil,,0,,0,https://cf.10xgenomics.com/samples/spatial-exp/4.1.0/Visium_HD_3prime_Human_Tonsil/Visium_HD_3prime_Human_Tonsil_tissue_image.btf,3740370073,https://cf.10xgenomics.com/samples/spatial-exp/4.1.0/Visium_HD_3prime_Human_Tonsil/Visium_HD_3prime_Human_Tonsil_binned_outputs.tar.gz,6926877093,
tenx_visium_hd_three_prime_mouse_brain_fresh_froz,Visium HD,https://cf.10xgenomics.com/samples/spatial-exp/4.0.1/Visium_HD_3prime_Mouse_Brain/Visium_HD_3prime_Mouse_Brain,Visium_HD_3prime_Mouse_Brain,,0,,0,https://cf.10xgenomics.com/samples/spatial-exp/4.0.1/Visium_HD_3prime_Mouse_Brain/Visium_HD_3prime_Mouse_Brain_tissue_image.btf,1288237750,https://cf.10xgenomics.com/samples/spatial-exp/4.0.1/Visium_HD_3prime_Mouse_Brain/Visium_HD_3prime_Mouse_Brain_binned_outputs.tar.gz,3889278121,
tenx_visium_hd_three_prime_mouse_embryo_fresh_fro,Visium HD,https://cf.10xgenomics.com/samples/spatial-exp/4.0.1/Visium_HD_3prime_Mouse_Embryo/Visium_HD_3prime_Mouse_Embryo,Visium_HD_3prime_Mouse_Embryo,,0,,0,https://cf.10xgenomics.com/samples/spatial-exp/4.0.1/Visium_HD_3prime_Mouse_Embryo/Visium_HD_3prime_Mouse_Embryo_tissue_image.btf,5662439827,https://cf.10xgenomics.com/samples/spatial-exp/4.0.1/Visium_HD_3prime_Mouse_Embryo/Visium_HD_3prime_Mouse_Embryo_binned_outputs.tar.gz,8904282328,
tenx_visium_hd_three_prime_mouse_kidney,Visium HD,https://cf.10xgenomics.com/samples/spatial-exp/4.0.1/Visium_HD_3prime_Mouse_Kidney/Visium_HD_3prime_Mouse_Kidney,Visium_HD_3prime_Mouse_Kidney,,0,,0,https://cf.10xgenomics.com/samples/spatial-exp/4.0.1/Visium_HD_3prime_Mouse_Kidney/Visium_HD_3prime_Mouse_Kidney_tissue_image.btf,1629554671,https://cf.10xgenomics.com/samples/spatial-exp/4.0.1/Visium_HD_3prime_Mouse_Kidney/Visium_HD_3prime_Mouse_Kidney_binned_outputs.tar.gz,5593923942,
tenx_visium_hd_three_prime_mouse_ovary_fresh_froz,Visium HD,https://cf.10xgenomics.com/samples/spatial-exp/4.1.0/Visium_HD_3prime_Mouse_Ovary/Visium_HD_3prime_Mouse_Ovary,Visium_HD_3prime_Mouse_Ovary,,0,,0,https://cf.10xgenomics.com/samples/spatial-exp/4.1.0/Visium_HD_3prime_Mouse_Ovary/Visium_HD_3prime_Mouse_Ovary_tissue_image.btf,294172467,https://cf.10xgenomics.com/samples/spatial-exp/4.1.0/Visium_HD_3prime_Mouse_Ovary/Visium_HD_3prime_Mouse_Ovary_binned_outputs.tar.gz,923201961,
tenx_visium_hd_three_prime_ovarian_cancer_discove,Visium HD,https://cf.10xgenomics.com/samples/spatial-exp/4.0.1/Visium_HD_3prime_Human_Ovarian_Cancer_FF/Visium_HD_3prime_Human_Ovarian_Cancer_FF,Visium_HD_3prime_Human_Ovarian_Cancer_FF,,0,,0,https://cf.10xgenomics.com/samples/spatial-exp/4.0.1/Visium_HD_3prime_Human_Ovarian_Cancer_FF/Visium_HD_3prime_Human_Ovarian_Cancer_FF_tissue_image.btf,2125800824,https://cf.10xgenomics.com/samples/spatial-exp/4.0.1/Visium_HD_3prime_Human_Ovarian_Cancer_FF/Visium_HD_3prime_Human_Ovarian_Cancer_FF_binned_outputs.tar.gz,11868138945,
tenx_visium_hd_three_prime_ovarian_cancer_fresh_f,Visium HD,https://cf.10xgenomics.com/samples/spatial-exp/4.0.1/Visium_HD_3prime_Human_Ovarian_Cancer/Visium_HD_3prime_Human_Ovarian_Cancer,Visium_HD_3prime_Human_Ovarian_Cancer,,0,,0,https://cf.10xgenomics.com/samples/spatial-exp/4.0.1/Visium_HD_3prime_Human_Ovarian_Cancer/Visium_HD_3prime_Human_Ovarian_Cancer_tissue_image.btf,13413631951,https://cf.10xgenomics.com/samples/spatial-exp/4.0.1/Visium_HD_3prime_Human_Ovarian_Cancer/Visium_HD_3prime_Human_Ovarian_Cancer_binned_outputs.tar.gz,11316542567,
tenx_visium_hd_three_prime_rhesus_kidney_fresh_fr,Visium HD,https://cf.10xgenomics.com/samples/spatial-exp/4.0.1/Visium_HD_3prime_Rhesus_Kidney/Visium_HD_3prime_Rhesus_Kidney,Visium_HD_3prime_Rhesus_Kidney,,0,,0,https://cf.10xgenomics.com/samples/spatial-exp/4.0.1/Visium_HD_3prime_Rhesus_Kidney/Visium_HD_3prime_Rhesus_Kidney_tissue_image.btf,1484062550,https://cf.10xgenomics.com/samples/spatial-exp/4.0.1/Visium_HD_3prime_Rhesus_Kidney/Visium_HD_3prime_Rhesus_Kidney_binned_outputs.tar.gz,2713745120,
tenx_visium_hd_three_prime_rhesus_liver_fresh_fro,Visium HD,https://cf.10xgenomics.com/samples/spatial-exp/4.1.0/Visium_HD_3prime_Rhesus_Liver/Visium_HD_3prime_Rhesus_Liver,Visium_HD_3prime_Rhesus_Liver,,0,,0,https://cf.10xgenomics.com/samples/spatial-exp/4.1.0/Visium_HD_3prime_Rhesus_Liver/Visium_HD_3prime_Rhesus_Liver_tissue_image.btf,2335781119,https://cf.10xgenomics.com/samples/spatial-exp/4.1.0/Visium_HD_3prime_Rhesus_Liver/Visium_HD_3prime_Rhesus_Liver_binned_outputs.tar.gz,5197283597,
tenx_visium_hd_three_prime_zebrafish_head_fresh_f,Visium HD,https://cf.10xgenomics.com/samples/spatial-exp/4.0.1/Visium_HD_3prime_Zebrafish_Head/Visium_HD_3prime_Zebrafish_Head,Visium_HD_3prime_Zebrafish_Head,,0,,0,https://cf.10xgenomics.com/samples/spatial-exp/4.0.1/Visium_HD_3prime_Zebrafish_Head/Visium_HD_3prime_Zebrafish_Head_tissue_image.btf,2114003993,https://cf.10xgenomics.com/samples/spatial-exp/4.0.1/Visium_HD_3prime_Zebrafish_Head/Visium_HD_3prime_Zebrafish_Head_binned_outputs.tar.gz,1952355243,
tenx_aggregate_of_mouse_brain_sections_cytassist_,Visium,,,,0,,0,,0,,0,Space Ranger aggr output: several sections in one matrix; needs per-library split
tenx_aggregate_of_mouse_brain_sections_visium_fre,Visium,,,,0,,0,,0,,0,Space Ranger aggr output: several sections in one matrix; needs per-library split
tenx_human_cerebellum_targeted_compare_neuroscien,Visium,,,,0,,0,,0,,0,no verified bundle URL (see notes)
tenx_human_cerebellum_targeted_neuroscience_panel_2,Visium,,,,0,,0,,0,,0,several tissues on one capture area; tissue is per-section
tenx_human_cerebellum_whole_transcriptome_analysi,Visium,,,,0,,0,,0,,0,several tissues on one capture area; tissue is per-section
tenx_human_ovarian_cancer_targeted_compare_immuno,Visium,,,,0,,0,,0,,0,no verified bundle URL (see notes)
tenx_mouse_tissue_microarray_in_3x3_layout_with_1,Visium,,,,0,,0,,0,,0,several tissues on one capture area; tissue is per-section
tenx_mouse_tissue_microarray_in_3x3_layout_with_2,Visium,,,,0,,0,,0,,0,several tissues on one capture area; tissue is per-section
tenx_mouse_tissue_microarray_in_5x5_layout_with_1,Visium,,,,0,,0,,0,,0,several tissues on one capture area; tissue is per-section
tenx_multiomic_integration_neuroscience_applicati,Visium,https://cf.10xgenomics.com/samples/spatial-exp/1.3.1/VisiumFFPE_Mouse_Brain_Alzheimers_AppNote/VisiumFFPE_Mouse_Brain_Alzheimers_AppNote,VisiumFFPE_Mouse_Brain_Alzheimers_AppNote,https://cf.10xgenomics.com/samples/spatial-exp/1.3.1/VisiumFFPE_Mouse_Brain_Alzheimers_AppNote/VisiumFFPE_Mouse_Brain_Alzheimers_AppNote_filtered_feature_bc_matrix.h5,230849950,https://cf.10xgenomics.com/samples/spatial-exp/1.3.1/VisiumFFPE_Mouse_Brain_Alzheimers_AppNote/VisiumFFPE_Mouse_Brain_Alzheimers_AppNote_spatial.tar.gz,48729878,,0,,0,not on the CDN: image
tenx_visium_hd_cytassist_11mm_human_colon_cancer_,Visium HD,,,,0,,0,,0,,0,no verified bundle URL (see notes)
tenx_visium_hd_cytassist_11mm_human_ovarian_cance,Visium HD,,,,0,,0,,0,,0,no verified bundle URL (see notes)
tenx_visium_hd_cytassist_11mm_human_ta,Visium HD,,,,0,,0,,0,,0,no verified bundle URL (see notes)
tenx_visium_hd_three_prime_arabidopsis,Visium HD,,,,0,,0,,0,,0,plant tissue; the donor/tissue schema is animal-oriented
tenx_visium_hd_three_prime_human_mouse_xenograft_,Visium HD,,,,0,,0,,0,,0,two species on one capture area (xenograft); organism is per-row
tenx_visium_hd_three_prime_soybean,Visium HD,,,,0,,0,,0,,0,plant tissue; the donor/tissue schema is animal-oriented
