dataset_id,species,tissue,outs_url,outs_bytes,xoa,sample,morphology_layout,protein,skip_reason
breastcancerilc__xenium,Human,Breast,https://cf.10xgenomics.com/samples/xenium/1.0.2/Xenium_V1_FFPE_Human_Breast_ILC/Xenium_V1_FFPE_Human_Breast_ILC_outs.zip,16267681926,1.0.2,Xenium_V1_FFPE_Human_Breast_ILC,file,no,
tenx_ffpe_human_breast_using_the_entire_sample_ar,Human,Breast,https://cf.10xgenomics.com/samples/xenium/1.0.2/Xenium_V1_FFPE_Human_Breast_IDC_Big_1/Xenium_V1_FFPE_Human_Breast_IDC_Big_1_outs.zip,51856022931,1.0.2,Xenium_V1_FFPE_Human_Breast_IDC_Big_1,file,no,
yao2023_xenium,mouse,brain / cortex,https://cf.10xgenomics.com/samples/xenium/1.0.2/Xenium_V1_FF_Mouse_Brain_Coronal_Subset_CTX_HP/Xenium_V1_FF_Mouse_Brain_Coronal_Subset_CTX_HP_outs.zip,3479544713,1.0.2,Xenium_V1_FF_Mouse_Brain_Coronal_Subset_CTX_HP,file,no,
tenx_xenium_ffpe_human_breast_with_custom_add_on_,Human,Breast,https://cf.10xgenomics.com/samples/xenium/1.3.0/Xenium_V1_FFPE_Human_Breast_IDC_With_Addon/Xenium_V1_FFPE_Human_Breast_IDC_With_Addon_outs.zip,26997416969,1.3.0,Xenium_V1_FFPE_Human_Breast_IDC_With_Addon,file,no,
tenx_xenium_human_brain_preview_data_1_standard,Human,Brain,https://cf.10xgenomics.com/samples/xenium/1.3.0/Xenium_V1_FFPE_Human_Brain_Alzheimers_With_Addon/Xenium_V1_FFPE_Human_Brain_Alzheimers_With_Addon_outs.zip,7567057067,1.3.0,Xenium_V1_FFPE_Human_Brain_Alzheimers_With_Addon,file,no,
mouse_brain_hemi2025_xenium,mouse,brain hemisphere,https://cf.10xgenomics.com/samples/xenium/1.4.0/Xenium_V1_FFPE_wildtype_5_7_months/Xenium_V1_FFPE_wildtype_5_7_months_outs.zip,5817958520,1.4.0,Xenium_V1_FFPE_wildtype_5_7_months,file,no,
tenx_xenium_in_situ_analysis_of_alzheimers_diseas,Mouse,Brain,https://cf.10xgenomics.com/samples/xenium/1.4.0/Xenium_V1_FFPE_TgCRND8_17_9_months/Xenium_V1_FFPE_TgCRND8_17_9_months_outs.zip,6046328135,1.4.0,Xenium_V1_FFPE_TgCRND8_17_9_months,file,no,
tenx_human_kidney_preview_data_xenium_human_multi,Human,Kidney,https://cf.10xgenomics.com/samples/xenium/1.5.0/Xenium_V1_hKidney_nondiseased_section/Xenium_V1_hKidney_nondiseased_section_outs.zip,5069771406,1.5.0,Xenium_V1_hKidney_nondiseased_section,file,no,
tenx_human_lung_cancer_preview_data_xenium_human_,Human,Lung,https://cf.10xgenomics.com/samples/xenium/1.5.0/Xenium_V1_hLung_cancer_section/Xenium_V1_hLung_cancer_section_outs.zip,9091405304,1.5.0,Xenium_V1_hLung_cancer_section,file,no,
tenx_human_lymph_node_preview_data_xenium_human_m,Human,Lymph Node,https://cf.10xgenomics.com/samples/xenium/1.5.0/Xenium_V1_hLymphNode_nondiseased_section/Xenium_V1_hLymphNode_nondiseased_section_outs.zip,7378404737,1.5.0,Xenium_V1_hLymphNode_nondiseased_section,file,no,
tenx_human_pancreas_preview_data_xenium_human_mul,Human,Pancreas,https://cf.10xgenomics.com/samples/xenium/1.5.0/Xenium_V1_hPancreas_nondiseased_section/Xenium_V1_hPancreas_nondiseased_section_outs.zip,4660108035,1.5.0,Xenium_V1_hPancreas_nondiseased_section,file,no,
tenx_human_colon_preview_data_xenium_human_colon_,Human,Intestine (colon),https://cf.10xgenomics.com/samples/xenium/1.6.0/Xenium_V1_hColon_Non_diseased_Add_on_FFPE/Xenium_V1_hColon_Non_diseased_Add_on_FFPE_outs.zip,13626095120,1.6.0,Xenium_V1_hColon_Non_diseased_Add_on_FFPE,file,no,
tenx_human_skin_preview_data_xenium_human_skin_ge,Human,Skin,https://cf.10xgenomics.com/samples/xenium/1.6.0/Xenium_V1_hSkin_Melanoma_Base_FFPE/Xenium_V1_hSkin_Melanoma_Base_FFPE_outs.zip,6249559913,1.6.0,Xenium_V1_hSkin_Melanoma_Base_FFPE,file,no,
tenx_pancreatic_cancer_with_xenium_human_multi_ti,Human,Pancreas,https://cf.10xgenomics.com/samples/xenium/1.6.0/Xenium_V1_hPancreas_Cancer_Add_on_FFPE/Xenium_V1_hPancreas_Cancer_Add_on_FFPE_outs.zip,7288256844,1.6.0,Xenium_V1_hPancreas_Cancer_Add_on_FFPE,file,no,
xenium_on_a_one__xenium,mouse,mouse pup,https://cf.10xgenomics.com/samples/xenium/1.6.0/Xenium_V1_mouse_pup/Xenium_V1_mouse_pup_xe_outs.zip,11116636297,1.6.0,Xenium_V1_mouse_pup,file,no,
hn_xenium,Human,Heart,https://cf.10xgenomics.com/samples/xenium/1.9.0/Xenium_V1_hHeart_nondiseased_section_FFPE/Xenium_V1_hHeart_nondiseased_section_FFPE_outs.zip,3456638778,1.9.0,Xenium_V1_hHeart_nondiseased_section_FFPE,file,no,
tenx_human_bone_and_bone_marrow_data_with_custom_,Human,"Bone, Bone Marrow",https://cf.10xgenomics.com/samples/xenium/1.9.0/Xenium_V1_hBone_nondiseased_section/Xenium_V1_hBone_nondiseased_section_outs.zip,11524483430,1.9.0,Xenium_V1_hBone_nondiseased_section,file,no,
tenx_human_liver_data_xenium_human_multi_tissue_a,Human,Liver,https://cf.10xgenomics.com/samples/xenium/1.9.0/Xenium_V1_hLiver_nondiseased_section_FFPE/Xenium_V1_hLiver_nondiseased_section_FFPE_outs.zip,15182730692,1.9.0,Xenium_V1_hLiver_nondiseased_section_FFPE,file,no,
tenx_human_skin_data_xenium_human_multi_tissue_an,Human,Skin,https://cf.10xgenomics.com/samples/xenium/1.9.0/Xenium_V1_hSkin_nondiseased_section_1_FFPE/Xenium_V1_hSkin_nondiseased_section_1_FFPE_outs.zip,11829658911,1.9.0,Xenium_V1_hSkin_nondiseased_section_1_FFPE,file,no,
tenx_human_tonsil_data_xenium_human_multi_tissue_,Human,Tonsil,https://cf.10xgenomics.com/samples/xenium/1.9.0/Xenium_V1_hTonsil_reactive_follicular_hyperplasia_section_FFPE/Xenium_V1_hTonsil_reactive_follicular_hyperplasia_section_FFPE_xe_outs.zip,4516388007,1.9.0,Xenium_V1_hTonsil_reactive_follicular_hyperplasia_section_FFPE,file,no,
tenx_mouse_bone_data_with_custom_add_on_panel_1_s,Mouse,Bone,https://cf.10xgenomics.com/samples/xenium/1.9.0/Xenium_V1_mFemur_EDTA_3daydecal_section/Xenium_V1_mFemur_EDTA_3daydecal_section_outs.zip,17401952190,1.9.0,Xenium_V1_mFemur_EDTA_3daydecal_section,file,no,
hp_xenium,Human,Pancreas,https://cf.10xgenomics.com/samples/xenium/2.0.0/Xenium_V1_human_Pancreas_FFPE/Xenium_V1_human_Pancreas_FFPE_xe_outs.zip,1741519852,2.0.0,Xenium_V1_human_Pancreas_FFPE,directory,no,
tenx_ffpe_human_brain_cancer_data_with_human_immu,Human,Brain,https://cf.10xgenomics.com/samples/xenium/2.0.0/Xenium_V1_Human_Brain_GBM_FFPE/Xenium_V1_Human_Brain_GBM_FFPE_xe_outs.zip,13150072990,2.0.0,Xenium_V1_Human_Brain_GBM_FFPE,directory,no,
tenx_ffpe_human_colorectal_cancer_data_with_human,Human,Colon,https://cf.10xgenomics.com/samples/xenium/2.0.0/Xenium_V1_Human_Colorectal_Cancer_Addon_FFPE/Xenium_V1_Human_Colorectal_Cancer_Addon_FFPE_outs.zip,12436222302,2.0.0,Xenium_V1_Human_Colorectal_Cancer_Addon_FFPE,directory,no,
tenx_ffpe_human_ductal_adenocarcinoma_data_with_h,Human,Pancreas,https://cf.10xgenomics.com/samples/xenium/2.0.0/Xenium_V1_Human_Ductal_Adenocarcinoma_FFPE/Xenium_V1_Human_Ductal_Adenocarcinoma_FFPE_outs.zip,9196360921,2.0.0,Xenium_V1_Human_Ductal_Adenocarcinoma_FFPE,directory,no,
tenx_ffpe_human_lung_cancer_data_with_human_immun,Human,Lung,https://cf.10xgenomics.com/samples/xenium/2.0.0/Xenium_V1_Human_Lung_Cancer_Addon_FFPE/Xenium_V1_Human_Lung_Cancer_Addon_FFPE_outs.zip,10333803490,2.0.0,Xenium_V1_Human_Lung_Cancer_Addon_FFPE,directory,no,
tenx_ffpe_human_ovarian_cancer_data_with_human_im,Human,Ovary,https://cf.10xgenomics.com/samples/xenium/2.0.0/Xenium_V1_Human_Ovarian_Cancer_Addon_FFPE/Xenium_V1_Human_Ovarian_Cancer_Addon_FFPE_outs.zip,8489405701,2.0.0,Xenium_V1_Human_Ovarian_Cancer_Addon_FFPE,directory,no,
tenx_fresh_frozen_mouse_colon_with_xenium_multimo,Mouse,Colon,https://cf.10xgenomics.com/samples/xenium/2.0.0/Xenium_V1_mouse_Colon_FF/Xenium_V1_mouse_Colon_FF_outs.zip,15362983225,2.0.0,Xenium_V1_mouse_Colon_FF,directory,no,
10x_xenium_prime_skin_melanoma,human,skin,https://cf.10xgenomics.com/samples/xenium/3.0.0/Xenium_Prime_Human_Skin_FFPE/Xenium_Prime_Human_Skin_FFPE_xe_outs.zip,3101599008,3.0.0,Xenium_Prime_Human_Skin_FFPE,directory,no,
dataset_32026_xenium,mouse,brain,https://cf.10xgenomics.com/samples/xenium/3.0.0/Xenium_Prime_Mouse_Brain_Coronal_FF/Xenium_Prime_Mouse_Brain_Coronal_FF_xe_outs.zip,5786076936,3.0.0,Xenium_Prime_Mouse_Brain_Coronal_FF,directory,no,
tenx_preview_data_xenium_prime_gene_expression,Human,Lymph Node,https://cf.10xgenomics.com/samples/xenium/3.0.0/Xenium_Prime_Human_Lymph_Node_Reactive_FFPE/Xenium_Prime_Human_Lymph_Node_Reactive_FFPE_xe_outs.zip,9171781597,3.0.0,Xenium_Prime_Human_Lymph_Node_Reactive_FFPE,directory,no,
tenx_xenium_human_lung_cancer_post_xenium_technot,Human,Lung,https://cf.10xgenomics.com/samples/xenium/3.0.0/Xenium_V1_Human_Lung_Cancer_FFPE/Xenium_V1_Human_Lung_Cancer_FFPE_outs.zip,13910732059,3.0.0,Xenium_V1_Human_Lung_Cancer_FFPE,directory,no,
tenx_xenium_prime_ffpe_human_breast_cancer,Human,Breast,https://cf.10xgenomics.com/samples/xenium/3.0.0/Xenium_Prime_Breast_Cancer_FFPE/Xenium_Prime_Breast_Cancer_FFPE_xe_outs.zip,13271185051,3.0.0,Xenium_Prime_Breast_Cancer_FFPE,directory,no,
tenx_xenium_prime_ffpe_human_cervical_cancer,Human,Cervix,https://cf.10xgenomics.com/samples/xenium/3.0.0/Xenium_Prime_Cervical_Cancer_FFPE/Xenium_Prime_Cervical_Cancer_FFPE_xe_outs.zip,12387049707,3.0.0,Xenium_Prime_Cervical_Cancer_FFPE,directory,no,
tenx_xenium_prime_ffpe_human_ovarian_cancer,Human,Ovary,https://cf.10xgenomics.com/samples/xenium/3.0.0/Xenium_Prime_Ovarian_Cancer_FFPE_XRrun/Xenium_Prime_Ovarian_Cancer_FFPE_XRrun_xe_outs.zip,10152122749,3.0.0,Xenium_Prime_Ovarian_Cancer_FFPE_XRrun,directory,no,
tenx_xenium_prime_ffpe_human_prostate,Human,Prostate,https://cf.10xgenomics.com/samples/xenium/3.0.0/Xenium_Prime_Human_Prostate_FFPE/Xenium_Prime_Human_Prostate_FFPE_outs.zip,12010131140,3.0.0,Xenium_Prime_Human_Prostate_FFPE,directory,no,
tenx_xenium_prime_ffpe_neonatal_mouse,Mouse,Whole Organism,https://cf.10xgenomics.com/samples/xenium/3.0.0/Xenium_Prime_Mouse_Pup_FFPE/Xenium_Prime_Mouse_Pup_FFPE_xe_outs.zip,30910928431,3.0.0,Xenium_Prime_Mouse_Pup_FFPE,directory,no,
tenx_xenium_comparison_fresh_frozen_human_ovarian,Human,Ovary,https://cf.10xgenomics.com/samples/xenium/4.0.0/Xenium_V1_Human_Ovary_Cancer_FF/Xenium_V1_Human_Ovary_Cancer_FF_outs.zip,17509221513,4.0.0,Xenium_V1_Human_Ovary_Cancer_FF,directory,no,
tenx_xenium_ffpe_human_breast_biomarkers,Human,Breast,https://cf.10xgenomics.com/samples/xenium/4.0.0/Human_Breast_Biomarkers_S2_Top/Human_Breast_Biomarkers_S2_Top_outs.zip,19909133549,4.0.0,Human_Breast_Biomarkers_S2_Top,directory,no,
tenx_xenium_protein_ffpe_human_renal_carcinoma,Human,Kidney,https://cf.10xgenomics.com/samples/xenium/4.0.0/Xenium_V1_Human_Kidney_FFPE_Protein_updated/Xenium_V1_Human_Kidney_FFPE_Protein_updated_xe_outs.zip,19253385986,4.0.0,Xenium_V1_Human_Kidney_FFPE_Protein_updated,directory,yes,
tenx_xenium_protein_ffpe_human_renal_ccrcc,Human,Kidney,https://cf.10xgenomics.com/samples/xenium/4.0.0/Xenium_V1_Human_Clear_Cell_Renal_Cell_Carcinoma_FFPE_Protein/Xenium_V1_Human_Clear_Cell_Renal_Cell_Carcinoma_FFPE_Protein_xe_outs.zip,29945691491,4.0.0,Xenium_V1_Human_Clear_Cell_Renal_Cell_Carcinoma_FFPE_Protein,directory,yes,
tenx_ffpe_human_breast_with_custom_add_on_panel_1,Human,Breast,https://cf.10xgenomics.com/samples/xenium/1.0.2/Xenium_V1_FFPE_Human_Breast_IDC_With_Addon/Xenium_V1_FFPE_Human_Breast_IDC_With_Addon_outs.zip,25902625910,1.0.2,Xenium_V1_FFPE_Human_Breast_IDC_With_Addon,file,no,re-release of 10x sample Xenium_V1_FFPE_Human_Breast_IDC_With_Addon under an older Xenium Onboard Analysis; built from tenx_xenium_ffpe_human_breast_with_custom_add_on_
human_lung2025_xenium,human,lung,https://cf.10xgenomics.com/samples/xenium/1.3.0/Xenium_Preview_Human_Non_diseased_Lung_With_Add_on_FFPE/Xenium_Preview_Human_Non_diseased_Lung_With_Add_on_FFPE_outs.zip,0,1.3.0,Xenium_Preview_Human_Non_diseased_Lung_With_Add_on_FFPE,file,no,section already in the atlas (hackathon preview spec)
